Fecha,Estación Rafaela INTA
01/01/2008,0.0
02/01/2008,22.5
03/01/2008,0.0
04/01/2008,0.0
05/01/2008,0.0
06/01/2008,0.0
07/01/2008,0.3
08/01/2008,0.0
09/01/2008,0.0
10/01/2008,0.0
11/01/2008,10.8
12/01/2008,0.0
13/01/2008,0.0
14/01/2008,0.0
15/01/2008,0.2
16/01/2008,15.7
17/01/2008,0.0
18/01/2008,64.7
19/01/2008,0.0
20/01/2008,0.0
21/01/2008,0.0
22/01/2008,0.0
23/01/2008,0.0
24/01/2008,0.0
25/01/2008,6.5
26/01/2008,17.5
27/01/2008,2.7
28/01/2008,0.0
29/01/2008,2.7
30/01/2008,0.0
31/01/2008,0.0
01/02/2008,0.0
02/02/2008,0.0
03/02/2008,0.0
04/02/2008,0.0
05/02/2008,0.0
06/02/2008,0.0
07/02/2008,10.0
08/02/2008,35.9
09/02/2008,0.0
10/02/2008,0.0
11/02/2008,0.0
12/02/2008,0.0
13/02/2008,0.0
14/02/2008,0.0
15/02/2008,0.0
16/02/2008,0.0
17/02/2008,0.0
18/02/2008,73.5
19/02/2008,1.0
20/02/2008,0.0
21/02/2008,0.6
22/02/2008,0.9
23/02/2008,1.7
24/02/2008,2.3
25/02/2008,0.0
26/02/2008,0.0
27/02/2008,53.0
28/02/2008,0.0
29/02/2008,0.0
01/03/2008,0.0
02/03/2008,0.0
03/03/2008,0.0
04/03/2008,0.0
05/03/2008,0.0
06/03/2008,0.0
07/03/2008,0.0
08/03/2008,13.2
09/03/2008,16.5
10/03/2008,1.5
11/03/2008,0.0
12/03/2008,0.0
13/03/2008,0.0
14/03/2008,0.0
15/03/2008,0.0
16/03/2008,0.0
17/03/2008,0.0
18/03/2008,0.0
19/03/2008,0.0
20/03/2008,4.0
21/03/2008,0.0
22/03/2008,41.5
23/03/2008,0.0
24/03/2008,0.0
25/03/2008,0.0
26/03/2008,7.0
27/03/2008,46.9
28/03/2008,0.0
29/03/2008,0.3
30/03/2008,4.2
31/03/2008,0.6
01/04/2008,0.0
02/04/2008,0.0
03/04/2008,0.0
04/04/2008,0.0
05/04/2008,0.0
06/04/2008,0.0
07/04/2008,0.0
08/04/2008,0.0
09/04/2008,0.0
10/04/2008,0.0
11/04/2008,0.0
12/04/2008,0.0
13/04/2008,0.0
14/04/2008,0.0
15/04/2008,0.0
16/04/2008,0.0
17/04/2008,0.0
18/04/2008,0.0
19/04/2008,0.0
20/04/2008,0.0
21/04/2008,0.0
22/04/2008,0.0
23/04/2008,0.0
24/04/2008,0.0
25/04/2008,8.0
26/04/2008,29.5
27/04/2008,0.0
28/04/2008,0.0
29/04/2008,0.0
30/04/2008,0.0
01/05/2008,5.2
02/05/2008,0.0
03/05/2008,0.0
04/05/2008,0.0
05/05/2008,0.0
06/05/2008,0.0
07/05/2008,0.0
08/05/2008,0.0
09/05/2008,0.0
10/05/2008,0.0
11/05/2008,0.0
12/05/2008,0.0
13/05/2008,0.0
14/05/2008,0.0
15/05/2008,0.0
16/05/2008,0.0
17/05/2008,0.0
18/05/2008,0.0
19/05/2008,0.0
20/05/2008,0.0
21/05/2008,0.0
22/05/2008,0.0
23/05/2008,0.0
24/05/2008,0.0
25/05/2008,0.0
26/05/2008,0.0
27/05/2008,0.0
28/05/2008,0.5
29/05/2008,0.0
30/05/2008,0.0
31/05/2008,0.0
01/06/2008,0.0
02/06/2008,0.0
03/06/2008,0.0
04/06/2008,0.0
05/06/2008,0.0
06/06/2008,0.0
07/06/2008,0.0
08/06/2008,0.0
09/06/2008,0.0
10/06/2008,0.0
11/06/2008,0.0
12/06/2008,0.0
13/06/2008,0.0
14/06/2008,0.0
15/06/2008,0.0
16/06/2008,0.0
17/06/2008,0.0
18/06/2008,0.0
19/06/2008,0.0
20/06/2008,0.0
21/06/2008,0.0
22/06/2008,0.5
23/06/2008,0.0
24/06/2008,0.0
25/06/2008,0.0
26/06/2008,0.0
27/06/2008,0.0
28/06/2008,0.0
29/06/2008,0.0
30/06/2008,0.0
01/07/2008,0.0
02/07/2008,0.0
03/07/2008,0.0
04/07/2008,0.2
05/07/2008,0.0
06/07/2008,0.0
07/07/2008,5.6
08/07/2008,0.0
09/07/2008,0.0
10/07/2008,0.0
11/07/2008,0.0
12/07/2008,0.0
13/07/2008,0.0
14/07/2008,0.0
15/07/2008,0.0
16/07/2008,0.0
17/07/2008,0.0
18/07/2008,0.0
19/07/2008,0.0
20/07/2008,0.0
21/07/2008,0.0
22/07/2008,0.0
23/07/2008,0.6
24/07/2008,0.0
25/07/2008,0.0
26/07/2008,0.0
27/07/2008,0.0
28/07/2008,0.0
29/07/2008,0.0
30/07/2008,0.0
31/07/2008,0.0
01/08/2008,0.0
02/08/2008,0.0
03/08/2008,0.0
04/08/2008,0.0
05/08/2008,0.0
06/08/2008,0.0
07/08/2008,0.0
08/08/2008,0.0
09/08/2008,0.0
10/08/2008,0.0
11/08/2008,0.0
12/08/2008,0.0
13/08/2008,0.0
14/08/2008,0.0
15/08/2008,0.0
16/08/2008,0.0
17/08/2008,0.0
18/08/2008,0.0
19/08/2008,0.0
20/08/2008,0.0
21/08/2008,0.0
22/08/2008,0.0
23/08/2008,0.0
24/08/2008,0.0
25/08/2008,0.0
26/08/2008,0.0
27/08/2008,0.0
28/08/2008,0.0
29/08/2008,0.0
30/08/2008,0.0
31/08/2008,0.0
01/09/2008,0.0
02/09/2008,0.0
03/09/2008,0.0
04/09/2008,0.0
05/09/2008,0.0
06/09/2008,0.0
07/09/2008,0.0
08/09/2008,0.0
09/09/2008,0.0
10/09/2008,0.0
11/09/2008,0.0
12/09/2008,0.0
13/09/2008,0.0
14/09/2008,0.0
15/09/2008,0.0
16/09/2008,0.0
17/09/2008,0.0
18/09/2008,0.0
19/09/2008,9.5
20/09/2008,0.3
21/09/2008,0.0
22/09/2008,0.0
23/09/2008,0.0
24/09/2008,0.0
25/09/2008,0.0
26/09/2008,0.0
27/09/2008,0.0
28/09/2008,4.2
29/09/2008,14.4
30/09/2008,0.0
01/10/2008,5.7
02/10/2008,0.0
03/10/2008,1.5
04/10/2008,3.3
05/10/2008,0.0
06/10/2008,0.0
07/10/2008,0.0
08/10/2008,0.0
09/10/2008,0.0
10/10/2008,0.0
11/10/2008,0.0
12/10/2008,58.5
13/10/2008,14.5
14/10/2008,0.2
15/10/2008,0.7
16/10/2008,0.0
17/10/2008,0.0
18/10/2008,0.0
19/10/2008,0.0
20/10/2008,0.0
21/10/2008,0.0
22/10/2008,0.0
23/10/2008,0.0
24/10/2008,0.0
25/10/2008,22.5
26/10/2008,2.0
27/10/2008,0.0
28/10/2008,0.0
29/10/2008,15.6
30/10/2008,0.0
31/10/2008,0.0
01/11/2008,0.0
02/11/2008,0.0
03/11/2008,0.0
04/11/2008,0.0
05/11/2008,0.0
06/11/2008,0.0
07/11/2008,0.0
08/11/2008,0.8
09/11/2008,0.0
10/11/2008,3.5
11/11/2008,0.0
12/11/2008,0.0
13/11/2008,0.0
14/11/2008,0.0
15/11/2008,2.0
16/11/2008,0.0
17/11/2008,0.0
18/11/2008,0.0
19/11/2008,0.0
20/11/2008,0.0
21/11/2008,0.0
22/11/2008,0.0
23/11/2008,0.0
24/11/2008,0.9
25/11/2008,0.2
26/11/2008,28.3
27/11/2008,0.0
28/11/2008,37.0
29/11/2008,1.6
30/11/2008,0.0
01/12/2008,0.0
02/12/2008,0.0
03/12/2008,0.0
04/12/2008,0.0
05/12/2008,0.0
06/12/2008,0.0
07/12/2008,0.0
08/12/2008,0.0
09/12/2008,4.5
10/12/2008,0.0
11/12/2008,0.0
12/12/2008,0.0
13/12/2008,0.0
14/12/2008,0.0
15/12/2008,0.0
16/12/2008,0.0
17/12/2008,0.0
18/12/2008,0.0
19/12/2008,0.0
20/12/2008,0.0
21/12/2008,7.1
22/12/2008,0.0
23/12/2008,1.9
24/12/2008,0.0
25/12/2008,0.0
26/12/2008,0.0
27/12/2008,0.0
28/12/2008,2.8
29/12/2008,0.0
30/12/2008,0.0
31/12/2008,0.0
01/01/2009,2.0
02/01/2009,13.0
03/01/2009,0.0
04/01/2009,0.0
05/01/2009,0.0
06/01/2009,0.0
07/01/2009,0.8
08/01/2009,0.0
09/01/2009,0.0
10/01/2009,0.0
11/01/2009,0.0
12/01/2009,1.9
13/01/2009,0.0
14/01/2009,0.0
15/01/2009,0.0
16/01/2009,0.0
17/01/2009,0.0
18/01/2009,0.8
19/01/2009,0.0
20/01/2009,0.0
21/01/2009,0.0
22/01/2009,0.0
23/01/2009,0.0
24/01/2009,0.6
25/01/2009,1.2
26/01/2009,0.0
27/01/2009,2.1
28/01/2009,0.0
29/01/2009,0.0
30/01/2009,0.0
31/01/2009,0.0
01/02/2009,12.0
02/02/2009,0.0
03/02/2009,42.1
04/02/2009,0.0
05/02/2009,67.2
06/02/2009,0.0
07/02/2009,0.0
08/02/2009,0.6
09/02/2009,0.0
10/02/2009,1.7
11/02/2009,0.0
12/02/2009,0.0
13/02/2009,0.0
14/02/2009,0.0
15/02/2009,0.0
16/02/2009,0.0
17/02/2009,0.0
18/02/2009,0.0
19/02/2009,0.0
20/02/2009,2.0
21/02/2009,2.7
22/02/2009,11.0
23/02/2009,0.0
24/02/2009,0.0
25/02/2009,0.0
26/02/2009,0.0
27/02/2009,0.0
28/02/2009,0.0
01/03/2009,0.3
02/03/2009,32.3
03/03/2009,62.9
04/03/2009,91.1
05/03/2009,0.0
06/03/2009,0.0
07/03/2009,0.0
08/03/2009,0.0
09/03/2009,0.0
10/03/2009,1.8
11/03/2009,0.0
12/03/2009,0.0
13/03/2009,0.0
14/03/2009,0.0
15/03/2009,0.0
16/03/2009,0.0
17/03/2009,0.0
18/03/2009,0.0
19/03/2009,0.0
20/03/2009,0.0
21/03/2009,0.0
22/03/2009,1.7
23/03/2009,2.8
24/03/2009,0.0
25/03/2009,0.0
26/03/2009,0.0
27/03/2009,0.0
28/03/2009,0.0
29/03/2009,0.0
30/03/2009,0.0
31/03/2009,5.1
01/04/2009,0.0
02/04/2009,0.0
03/04/2009,1.2
04/04/2009,19.1
05/04/2009,0.0
06/04/2009,0.0
07/04/2009,0.0
08/04/2009,0.0
09/04/2009,0.0
10/04/2009,0.0
11/04/2009,0.0
12/04/2009,0.0
13/04/2009,0.0
14/04/2009,0.0
15/04/2009,0.0
16/04/2009,0.0
17/04/2009,0.0
18/04/2009,0.0
19/04/2009,0.0
20/04/2009,0.0
21/04/2009,0.7
22/04/2009,0.0
23/04/2009,0.0
24/04/2009,0.0
25/04/2009,0.0
26/04/2009,0.0
27/04/2009,0.0
28/04/2009,0.0
29/04/2009,0.0
30/04/2009,0.0
01/05/2009,0.0
02/05/2009,0.0
03/05/2009,0.0
04/05/2009,0.0
05/05/2009,0.0
06/05/2009,0.0
07/05/2009,0.0
08/05/2009,0.0
09/05/2009,0.0
10/05/2009,0.0
11/05/2009,0.0
12/05/2009,7.0
13/05/2009,6.8
14/05/2009,0.0
15/05/2009,0.0
16/05/2009,0.0
17/05/2009,0.0
18/05/2009,0.0
19/05/2009,0.0
20/05/2009,0.0
21/05/2009,0.0
22/05/2009,0.0
23/05/2009,0.0
24/05/2009,0.0
25/05/2009,0.0
26/05/2009,0.0
27/05/2009,5.7
28/05/2009,0.0
29/05/2009,4.2
30/05/2009,0.0
31/05/2009,0.0
01/06/2009,0.0
02/06/2009,0.0
03/06/2009,0.0
04/06/2009,0.0
05/06/2009,0.0
06/06/2009,0.0
07/06/2009,0.0
08/06/2009,0.0
09/06/2009,0.0
10/06/2009,0.0
11/06/2009,0.0
12/06/2009,0.0
13/06/2009,0.0
14/06/2009,0.0
15/06/2009,19.1
16/06/2009,0.0
17/06/2009,0.0
18/06/2009,0.0
19/06/2009,0.0
20/06/2009,0.0
21/06/2009,0.3
22/06/2009,0.0
23/06/2009,0.0
24/06/2009,0.0
25/06/2009,0.0
26/06/2009,0.0
27/06/2009,0.0
28/06/2009,0.0
29/06/2009,0.0
30/06/2009,0.0
01/07/2009,0.0
02/07/2009,0.0
03/07/2009,0.0
04/07/2009,0.0
05/07/2009,0.0
06/07/2009,0.0
07/07/2009,0.0
08/07/2009,0.0
09/07/2009,0.0
10/07/2009,0.0
11/07/2009,0.0
12/07/2009,0.0
13/07/2009,0.0
14/07/2009,0.0
15/07/2009,0.0
16/07/2009,0.0
17/07/2009,0.0
18/07/2009,0.0
19/07/2009,0.0
20/07/2009,4.1
21/07/2009,40.0
22/07/2009,0.0
23/07/2009,0.0
24/07/2009,0.0
25/07/2009,0.0
26/07/2009,0.0
27/07/2009,0.0
28/07/2009,0.0
29/07/2009,0.0
30/07/2009,0.0
31/07/2009,0.0
01/08/2009,0.0
02/08/2009,0.0
03/08/2009,0.0
04/08/2009,0.0
05/08/2009,0.0
06/08/2009,0.0
07/08/2009,0.0
08/08/2009,0.0
09/08/2009,0.0
10/08/2009,0.0
11/08/2009,0.0
12/08/2009,0.0
13/08/2009,0.0
14/08/2009,0.0
15/08/2009,0.0
16/08/2009,0.0
17/08/2009,0.0
18/08/2009,0.0
19/08/2009,0.0
20/08/2009,0.0
21/08/2009,0.0
22/08/2009,0.0
23/08/2009,0.0
24/08/2009,0.0
25/08/2009,0.0
26/08/2009,0.0
27/08/2009,0.0
28/08/2009,0.0
29/08/2009,0.0
30/08/2009,0.0
31/08/2009,0.4
01/09/2009,7.0
02/09/2009,3.3
03/09/2009,0.8
04/09/2009,0.0
05/09/2009,0.0
06/09/2009,0.0
07/09/2009,0.0
08/09/2009,0.0
09/09/2009,0.0
10/09/2009,0.0
11/09/2009,0.0
12/09/2009,0.0
13/09/2009,0.0
14/09/2009,0.0
15/09/2009,0.0
16/09/2009,1.6
17/09/2009,52.9
18/09/2009,0.0
19/09/2009,0.0
20/09/2009,0.0
21/09/2009,0.0
22/09/2009,0.0
23/09/2009,0.0
24/09/2009,0.0
25/09/2009,0.0
26/09/2009,0.0
27/09/2009,6.8
28/09/2009,0.0
29/09/2009,0.0
30/09/2009,0.0
01/10/2009,0.0
02/10/2009,0.0
03/10/2009,0.0
04/10/2009,0.0
05/10/2009,0.0
06/10/2009,0.0
07/10/2009,0.0
08/10/2009,0.0
09/10/2009,0.0
10/10/2009,19.4
11/10/2009,34.7
12/10/2009,0.0
13/10/2009,0.0
14/10/2009,4.3
15/10/2009,0.0
16/10/2009,0.0
17/10/2009,0.0
18/10/2009,0.0
19/10/2009,0.0
20/10/2009,1.0
21/10/2009,1.6
22/10/2009,0.0
23/10/2009,0.3
24/10/2009,1.2
25/10/2009,0.0
26/10/2009,0.0
27/10/2009,0.0
28/10/2009,0.0
29/10/2009,0.0
30/10/2009,0.0
31/10/2009,0.0
01/11/2009,0.0
02/11/2009,1.3
03/11/2009,8.7
04/11/2009,0.0
05/11/2009,0.0
06/11/2009,0.0
07/11/2009,8.0
08/11/2009,0.0
09/11/2009,0.0
10/11/2009,0.0
11/11/2009,0.0
12/11/2009,0.0
13/11/2009,0.0
14/11/2009,14.4
15/11/2009,0.0
16/11/2009,0.0
17/11/2009,2.5
18/11/2009,30.0
19/11/2009,5.5
20/11/2009,0.0
21/11/2009,0.0
22/11/2009,0.0
23/11/2009,19.6
24/11/2009,1.0
25/11/2009,0.0
26/11/2009,20.5
27/11/2009,0.0
28/11/2009,0.3
29/11/2009,22.0
30/11/2009,0.0
01/12/2009,0.0
02/12/2009,74.5
03/12/2009,0.0
04/12/2009,0.0
05/12/2009,0.0
06/12/2009,0.0
07/12/2009,0.0
08/12/2009,0.0
09/12/2009,0.0
10/12/2009,1.7
11/12/2009,47.8
12/12/2009,0.0
13/12/2009,0.0
14/12/2009,0.9
15/12/2009,0.0
16/12/2009,2.2
17/12/2009,0.0
18/12/2009,5.5
19/12/2009,46.5
20/12/2009,8.5
21/12/2009,0.0
22/12/2009,4.5
23/12/2009,19.9
24/12/2009,26.7
25/12/2009,0.0
26/12/2009,0.5
27/12/2009,0.0
28/12/2009,9.9
29/12/2009,2.6
30/12/2009,0.0
31/12/2009,0.0
01/01/2010,12.5
02/01/2010,0.0
03/01/2010,0.0
04/01/2010,0.4
05/01/2010,0.0
06/01/2010,6.1
07/01/2010,0.2
08/01/2010,0.0
09/01/2010,27.1
10/01/2010,0.1
11/01/2010,0.0
12/01/2010,21.7
13/01/2010,0.0
14/01/2010,0.0
15/01/2010,0.0
16/01/2010,0.0
17/01/2010,0.0
18/01/2010,48.8
19/01/2010,0.0
20/01/2010,0.0
21/01/2010,0.0
22/01/2010,0.0
23/01/2010,0.0
24/01/2010,0.0
25/01/2010,0.0
26/01/2010,0.0
27/01/2010,0.0
28/01/2010,0.0
29/01/2010,0.0
30/01/2010,21.6
31/01/2010,3.1
01/02/2010,44.0
02/02/2010,20.8
03/02/2010,0.2
04/02/2010,16.8
05/02/2010,9.3
06/02/2010,2.5
07/02/2010,0.0
08/02/2010,0.0
09/02/2010,0.0
10/02/2010,0.0
11/02/2010,0.0
12/02/2010,0.0
13/02/2010,23.2
14/02/2010,0.0
15/02/2010,17.7
16/02/2010,0.0
17/02/2010,0.0
18/02/2010,0.0
19/02/2010,0.0
20/02/2010,33.2
21/02/2010,0.8
22/02/2010,0.0
23/02/2010,0.0
24/02/2010,0.0
25/02/2010,0.0
26/02/2010,0.0
27/02/2010,0.0
28/02/2010,0.0
01/03/2010,0.0
02/03/2010,50.3
03/03/2010,0.1
04/03/2010,0.0
05/03/2010,0.0
06/03/2010,0.0
07/03/2010,0.0
08/03/2010,0.0
09/03/2010,0.0
10/03/2010,0.0
11/03/2010,0.0
12/03/2010,13.0
13/03/2010,0.0
14/03/2010,0.0
15/03/2010,0.0
16/03/2010,0.0
17/03/2010,0.0
18/03/2010,37.9
19/03/2010,13.2
20/03/2010,0.0
21/03/2010,0.0
22/03/2010,0.0
23/03/2010,0.0
24/03/2010,0.0
25/03/2010,0.0
26/03/2010,0.0
27/03/2010,0.0
28/03/2010,0.0
29/03/2010,0.0
30/03/2010,0.0
31/03/2010,0.0
01/04/2010,0.0
02/04/2010,10.8
03/04/2010,0.0
04/04/2010,0.0
05/04/2010,0.0
06/04/2010,0.0
07/04/2010,0.0
08/04/2010,0.0
09/04/2010,0.0
10/04/2010,0.0
11/04/2010,0.0
12/04/2010,0.0
13/04/2010,0.5
14/04/2010,30.7
15/04/2010,0.0
16/04/2010,0.0
17/04/2010,0.0
18/04/2010,0.0
19/04/2010,0.0
20/04/2010,0.0
21/04/2010,0.0
22/04/2010,0.5
23/04/2010,0.0
24/04/2010,0.0
25/04/2010,0.0
26/04/2010,0.0
27/04/2010,0.0
28/04/2010,0.0
29/04/2010,0.0
30/04/2010,0.0
01/05/2010,0.0
02/05/2010,2.4
03/05/2010,38.2
04/05/2010,0.0
05/05/2010,0.0
06/05/2010,0.0
07/05/2010,0.0
08/05/2010,0.0
09/05/2010,0.0
10/05/2010,0.0
11/05/2010,0.0
12/05/2010,0.0
13/05/2010,0.0
14/05/2010,0.0
15/05/2010,0.0
16/05/2010,5.0
17/05/2010,0.7
18/05/2010,0.0
19/05/2010,0.0
20/05/2010,0.6
21/05/2010,1.0
22/05/2010,0.0
23/05/2010,1.3
24/05/2010,0.0
25/05/2010,0.0
26/05/2010,0.0
27/05/2010,0.0
28/05/2010,2.4
29/05/2010,18.1
30/05/2010,0.0
31/05/2010,0.0
01/06/2010,0.0
02/06/2010,0.0
03/06/2010,0.0
04/06/2010,0.0
05/06/2010,0.0
06/06/2010,0.0
07/06/2010,0.0
08/06/2010,0.0
09/06/2010,0.0
10/06/2010,0.0
11/06/2010,0.0
12/06/2010,0.0
13/06/2010,0.0
14/06/2010,0.0
15/06/2010,0.0
16/06/2010,0.0
17/06/2010,0.0
18/06/2010,0.0
19/06/2010,0.0
20/06/2010,0.0
21/06/2010,0.0
22/06/2010,0.0
23/06/2010,0.0
24/06/2010,0.0
25/06/2010,0.0
26/06/2010,0.0
27/06/2010,0.6
28/06/2010,0.0
29/06/2010,0.0
30/06/2010,0.0
01/07/2010,0.0
02/07/2010,0.0
03/07/2010,0.0
04/07/2010,0.0
05/07/2010,0.0
06/07/2010,0.0
07/07/2010,0.2
08/07/2010,0.0
09/07/2010,0.0
10/07/2010,0.0
11/07/2010,0.0
12/07/2010,0.0
13/07/2010,0.0
14/07/2010,0.0
15/07/2010,0.0
16/07/2010,0.0
17/07/2010,0.0
18/07/2010,2.5
19/07/2010,0.6
20/07/2010,0.0
21/07/2010,0.0
22/07/2010,0.0
23/07/2010,0.0
24/07/2010,0.0
25/07/2010,0.0
26/07/2010,0.0
27/07/2010,0.0
28/07/2010,0.0
29/07/2010,0.0
30/07/2010,0.0
31/07/2010,0.0
01/08/2010,0.0
02/08/2010,0.0
03/08/2010,0.0
04/08/2010,0.0
05/08/2010,0.0
06/08/2010,0.0
07/08/2010,0.0
08/08/2010,0.0
09/08/2010,0.0
10/08/2010,0.0
11/08/2010,0.0
12/08/2010,1.7
13/08/2010,0.0
14/08/2010,0.0
15/08/2010,0.0
16/08/2010,0.0
17/08/2010,0.0
18/08/2010,0.0
19/08/2010,0.0
20/08/2010,0.0
21/08/2010,0.0
22/08/2010,0.0
23/08/2010,0.0
24/08/2010,0.0
25/08/2010,0.0
26/08/2010,0.0
27/08/2010,0.0
28/08/2010,0.0
29/08/2010,0.0
30/08/2010,0.0
31/08/2010,2.5
01/09/2010,3.9
02/09/2010,12.9
03/09/2010,0.0
04/09/2010,0.0
05/09/2010,0.0
06/09/2010,0.0
07/09/2010,0.0
08/09/2010,0.0
09/09/2010,0.0
10/09/2010,12.5
11/09/2010,1.5
12/09/2010,0.0
13/09/2010,0.0
14/09/2010,0.0
15/09/2010,0.0
16/09/2010,0.0
17/09/2010,0.0
18/09/2010,0.0
19/09/2010,0.0
20/09/2010,0.0
21/09/2010,0.4
22/09/2010,0.0
23/09/2010,1.5
24/09/2010,0.0
25/09/2010,10.0
26/09/2010,0.0
27/09/2010,19.0
28/09/2010,0.0
29/09/2010,0.0
30/09/2010,0.0
01/10/2010,2.5
02/10/2010,0.0
03/10/2010,0.0
04/10/2010,0.0
05/10/2010,0.0
06/10/2010,1.5
07/10/2010,0.0
08/10/2010,0.0
09/10/2010,0.0
10/10/2010,0.0
11/10/2010,0.0
12/10/2010,0.0
13/10/2010,23.0
14/10/2010,0.0
15/10/2010,0.0
16/10/2010,0.0
17/10/2010,0.0
18/10/2010,0.0
19/10/2010,0.0
20/10/2010,0.0
21/10/2010,6.8
22/10/2010,0.0
23/10/2010,0.0
24/10/2010,3.1
25/10/2010,0.0
26/10/2010,0.0
27/10/2010,0.0
28/10/2010,0.0
29/10/2010,0.3
30/10/2010,0.0
31/10/2010,0.0
01/11/2010,0.0
02/11/2010,0.0
03/11/2010,0.0
04/11/2010,4.7
05/11/2010,0.0
06/11/2010,0.0
07/11/2010,0.0
08/11/2010,14.5
09/11/2010,0.2
10/11/2010,0.0
11/11/2010,0.0
12/11/2010,0.0
13/11/2010,0.0
14/11/2010,0.0
15/11/2010,0.0
16/11/2010,0.0
17/11/2010,0.0
18/11/2010,0.0
19/11/2010,13.3
20/11/2010,0.0
21/11/2010,0.0
22/11/2010,0.0
23/11/2010,0.0
24/11/2010,0.0
25/11/2010,0.0
26/11/2010,0.0
27/11/2010,13.0
28/11/2010,9.5
29/11/2010,0.0
30/11/2010,0.0
01/12/2010,0.0
02/12/2010,5.6
03/12/2010,0.0
04/12/2010,0.0
05/12/2010,0.0
06/12/2010,0.0
07/12/2010,0.3
08/12/2010,0.0
09/12/2010,1.0
10/12/2010,21.4
11/12/2010,2.0
12/12/2010,2.8
13/12/2010,0.0
14/12/2010,0.0
15/12/2010,0.0
16/12/2010,0.0
17/12/2010,0.0
18/12/2010,0.0
19/12/2010,35.5
20/12/2010,0.0
21/12/2010,0.0
22/12/2010,0.0
23/12/2010,0.4
24/12/2010,31.2
25/12/2010,0.0
26/12/2010,0.0
27/12/2010,0.0
28/12/2010,0.0
29/12/2010,0.0
30/12/2010,0.0
31/12/2010,0.0
01/01/2011,23.2
02/01/2011,2.0
03/01/2011,0.0
04/01/2011,4.6
05/01/2011,0.0
06/01/2011,0.0
07/01/2011,1.0
08/01/2011,0.0
09/01/2011,0.0
10/01/2011,0.0
11/01/2011,0.0
12/01/2011,0.0
13/01/2011,0.0
14/01/2011,0.0
15/01/2011,0.0
16/01/2011,0.0
17/01/2011,0.0
18/01/2011,0.0
19/01/2011,19.6
20/01/2011,0.0
21/01/2011,0.0
22/01/2011,0.0
23/01/2011,0.0
24/01/2011,0.0
25/01/2011,16.2
26/01/2011,75.2
27/01/2011,0.0
28/01/2011,0.8
29/01/2011,0.0
30/01/2011,25.0
31/01/2011,45.8
01/02/2011,0.0
02/02/2011,0.0
03/02/2011,0.0
04/02/2011,0.0
05/02/2011,0.0
06/02/2011,0.0
07/02/2011,60.6
08/02/2011,1.2
09/02/2011,0.2
10/02/2011,0.0
11/02/2011,0.0
12/02/2011,0.0
13/02/2011,0.0
14/02/2011,0.0
15/02/2011,0.0
16/02/2011,0.0
17/02/2011,0.0
18/02/2011,34.0
19/02/2011,1.0
20/02/2011,0.3
21/02/2011,1.6
22/02/2011,33.4
23/02/2011,0.0
24/02/2011,0.0
25/02/2011,0.0
26/02/2011,0.0
27/02/2011,0.0
28/02/2011,0.0
01/03/2011,0.0
02/03/2011,0.0
03/03/2011,0.0
04/03/2011,0.0
05/03/2011,0.0
06/03/2011,0.0
07/03/2011,0.0
08/03/2011,0.0
09/03/2011,0.0
10/03/2011,0.0
11/03/2011,0.0
12/03/2011,9.2
13/03/2011,0.0
14/03/2011,0.0
15/03/2011,0.0
16/03/2011,5.0
17/03/2011,5.7
18/03/2011,0.0
19/03/2011,0.0
20/03/2011,0.0
21/03/2011,0.0
22/03/2011,0.4
23/03/2011,19.5
24/03/2011,0.2
25/03/2011,58.7
26/03/2011,1.0
27/03/2011,0.0
28/03/2011,0.0
29/03/2011,0.0
30/03/2011,0.0
31/03/2011,0.0
01/04/2011,0.0
02/04/2011,0.0
03/04/2011,0.0
04/04/2011,0.0
05/04/2011,0.0
06/04/2011,0.0
07/04/2011,0.0
08/04/2011,0.0
09/04/2011,0.0
10/04/2011,0.0
11/04/2011,0.0
12/04/2011,0.0
13/04/2011,0.0
14/04/2011,1.9
15/04/2011,2.4
16/04/2011,0.0
17/04/2011,2.5
18/04/2011,0.0
19/04/2011,4.6
20/04/2011,35.9
21/04/2011,0.0
22/04/2011,0.0
23/04/2011,0.0
24/04/2011,0.0
25/04/2011,0.0
26/04/2011,0.0
27/04/2011,0.0
28/04/2011,0.0
29/04/2011,39.8
30/04/2011,0.0
01/05/2011,1.1
02/05/2011,0.0
03/05/2011,0.0
04/05/2011,0.0
05/05/2011,0.0
06/05/2011,0.0
07/05/2011,0.0
08/05/2011,0.1
09/05/2011,0.0
10/05/2011,0.0
11/05/2011,0.0
12/05/2011,0.0
13/05/2011,7.5
14/05/2011,0.0
15/05/2011,0.0
16/05/2011,0.0
17/05/2011,0.0
18/05/2011,0.0
19/05/2011,0.0
20/05/2011,0.0
21/05/2011,0.0
22/05/2011,0.0
23/05/2011,0.0
24/05/2011,24.7
25/05/2011,1.9
26/05/2011,0.0
27/05/2011,0.0
28/05/2011,0.0
29/05/2011,0.0
30/05/2011,0.0
31/05/2011,0.0
01/06/2011,0.0
02/06/2011,0.0
03/06/2011,0.0
04/06/2011,0.0
05/06/2011,11.2
06/06/2011,0.0
07/06/2011,0.0
08/06/2011,0.0
09/06/2011,0.0
10/06/2011,0.0
11/06/2011,0.0
12/06/2011,0.0
13/06/2011,0.0
14/06/2011,0.0
15/06/2011,0.2
16/06/2011,0.2
17/06/2011,0.1
18/06/2011,0.3
19/06/2011,0.4
20/06/2011,0.0
21/06/2011,18.3
22/06/2011,11.7
23/06/2011,0.0
24/06/2011,0.0
25/06/2011,0.0
26/06/2011,0.0
27/06/2011,0.0
28/06/2011,0.0
29/06/2011,0.0
30/06/2011,0.0
01/07/2011,0.0
02/07/2011,0.0
03/07/2011,0.0
04/07/2011,0.0
05/07/2011,0.0
06/07/2011,0.0
07/07/2011,0.0
08/07/2011,0.0
09/07/2011,0.0
10/07/2011,0.0
11/07/2011,0.0
12/07/2011,0.0
13/07/2011,0.1
14/07/2011,2.1
15/07/2011,0.0
16/07/2011,2.5
17/07/2011,0.0
18/07/2011,0.0
19/07/2011,0.0
20/07/2011,0.0
21/07/2011,0.0
22/07/2011,0.0
23/07/2011,0.0
24/07/2011,0.0
25/07/2011,1.3
26/07/2011,0.0
27/07/2011,0.0
28/07/2011,0.0
29/07/2011,0.0
30/07/2011,0.0
31/07/2011,0.0
01/08/2011,9.4
02/08/2011,0.0
03/08/2011,0.0
04/08/2011,0.0
05/08/2011,0.0
06/08/2011,0.0
07/08/2011,0.0
08/08/2011,0.0
09/08/2011,0.2
10/08/2011,0.1
11/08/2011,0.0
12/08/2011,0.0
13/08/2011,0.0
14/08/2011,0.0
15/08/2011,0.0
16/08/2011,0.6
17/08/2011,0.0
18/08/2011,0.0
19/08/2011,0.0
20/08/2011,0.0
21/08/2011,0.0
22/08/2011,0.0
23/08/2011,0.0
24/08/2011,0.0
25/08/2011,0.0
26/08/2011,0.0
27/08/2011,0.0
28/08/2011,0.0
29/08/2011,0.0
30/08/2011,0.0
31/08/2011,0.0
01/09/2011,0.0
02/09/2011,0.0
03/09/2011,0.0
04/09/2011,0.0
05/09/2011,0.0
06/09/2011,0.0
07/09/2011,0.0
08/09/2011,0.0
09/09/2011,0.0
10/09/2011,0.0
11/09/2011,0.0
12/09/2011,0.0
13/09/2011,0.0
14/09/2011,0.0
15/09/2011,0.0
16/09/2011,14.2
17/09/2011,0.0
18/09/2011,0.0
19/09/2011,0.0
20/09/2011,0.0
21/09/2011,0.0
22/09/2011,0.0
23/09/2011,0.2
24/09/2011,0.0
25/09/2011,0.0
26/09/2011,0.0
27/09/2011,0.0
28/09/2011,0.0
29/09/2011,0.0
30/09/2011,14.0
01/10/2011,0.0
02/10/2011,0.0
03/10/2011,0.0
04/10/2011,15.4
05/10/2011,0.0
06/10/2011,4.2
07/10/2011,21.5
08/10/2011,0.0
09/10/2011,0.0
10/10/2011,0.0
11/10/2011,0.0
12/10/2011,9.6
13/10/2011,0.0
14/10/2011,0.0
15/10/2011,0.0
16/10/2011,0.0
17/10/2011,0.0
18/10/2011,0.2
19/10/2011,12.4
20/10/2011,0.0
21/10/2011,0.0
22/10/2011,15.5
23/10/2011,12.5
24/10/2011,24.3
25/10/2011,21.7
26/10/2011,0.5
27/10/2011,0.0
28/10/2011,0.0
29/10/2011,0.0
30/10/2011,0.0
31/10/2011,0.0
01/11/2011,0.0
02/11/2011,0.0
03/11/2011,0.0
04/11/2011,4.7
05/11/2011,0.0
06/11/2011,0.0
07/11/2011,0.0
08/11/2011,0.0
09/11/2011,79.0
10/11/2011,0.0
11/11/2011,0.0
12/11/2011,0.0
13/11/2011,0.0
14/11/2011,0.0
15/11/2011,0.0
16/11/2011,0.0
17/11/2011,0.0
18/11/2011,0.0
19/11/2011,45.5
20/11/2011,3.4
21/11/2011,27.9
22/11/2011,0.0
23/11/2011,0.0
24/11/2011,0.0
25/11/2011,0.0
26/11/2011,0.0
27/11/2011,1.6
28/11/2011,10.0
29/11/2011,0.0
30/11/2011,1.4
01/12/2011,0.0
02/12/2011,0.0
03/12/2011,0.0
04/12/2011,0.0
05/12/2011,0.1
06/12/2011,0.0
07/12/2011,0.0
08/12/2011,0.0
09/12/2011,0.0
10/12/2011,0.0
11/12/2011,0.0
12/12/2011,0.0
13/12/2011,0.0
14/12/2011,0.0
15/12/2011,0.0
16/12/2011,0.0
17/12/2011,0.0
18/12/2011,0.0
19/12/2011,0.0
20/12/2011,0.0
21/12/2011,0.0
22/12/2011,0.0
23/12/2011,17.8
24/12/2011,0.0
25/12/2011,0.0
26/12/2011,0.0
27/12/2011,0.0
28/12/2011,0.0
29/12/2011,0.0
30/12/2011,0.0
31/12/2011,0.0
01/01/2012,0.0
02/01/2012,0.0
03/01/2012,0.0
04/01/2012,0.0
05/01/2012,0.0
06/01/2012,0.0
07/01/2012,0.0
08/01/2012,0.0
09/01/2012,0.0
10/01/2012,7.5
11/01/2012,54.3
12/01/2012,0.0
13/01/2012,0.0
14/01/2012,0.0
15/01/2012,0.0
16/01/2012,0.0
17/01/2012,0.0
18/01/2012,0.0
19/01/2012,0.0
20/01/2012,0.0
21/01/2012,1.4
22/01/2012,0.0
23/01/2012,0.0
24/01/2012,31.0
25/01/2012,0.0
26/01/2012,0.0
27/01/2012,0.0
28/01/2012,0.0
29/01/2012,0.0
30/01/2012,0.0
31/01/2012,3.8
01/02/2012,0.0
02/02/2012,0.0
03/02/2012,0.0
04/02/2012,0.0
05/02/2012,0.5
06/02/2012,0.0
07/02/2012,0.0
08/02/2012,2.7
09/02/2012,0.0
10/02/2012,0.0
11/02/2012,0.0
12/02/2012,0.0
13/02/2012,0.0
14/02/2012,0.0
15/02/2012,0.0
16/02/2012,0.0
17/02/2012,0.0
18/02/2012,0.0
19/02/2012,0.0
20/02/2012,18.8
21/02/2012,0.2
22/02/2012,0.0
23/02/2012,0.0
24/02/2012,0.0
25/02/2012,0.0
26/02/2012,0.0
27/02/2012,0.0
28/02/2012,0.0
29/02/2012,61.5
01/03/2012,0.4
02/03/2012,0.0
03/03/2012,0.0
04/03/2012,0.0
05/03/2012,22.6
06/03/2012,65.2
07/03/2012,0.0
08/03/2012,0.0
09/03/2012,0.0
10/03/2012,0.0
11/03/2012,0.0
12/03/2012,0.0
13/03/2012,20.6
14/03/2012,0.0
15/03/2012,0.0
16/03/2012,0.0
17/03/2012,0.0
18/03/2012,0.0
19/03/2012,0.0
20/03/2012,53.5
21/03/2012,0.0
22/03/2012,0.4
23/03/2012,0.0
24/03/2012,0.0
25/03/2012,31.4
26/03/2012,0.0
27/03/2012,0.0
28/03/2012,0.0
29/03/2012,0.0
30/03/2012,0.0
31/03/2012,0.0
01/04/2012,0.0
02/04/2012,0.8
03/04/2012,0.0
04/04/2012,0.0
05/04/2012,33.3
06/04/2012,0.0
07/04/2012,0.0
08/04/2012,1.6
09/04/2012,0.0
10/04/2012,0.0
11/04/2012,0.0
12/04/2012,0.0
13/04/2012,0.1
14/04/2012,0.0
15/04/2012,0.0
16/04/2012,0.0
17/04/2012,0.0
18/04/2012,0.0
19/04/2012,0.0
20/04/2012,0.0
21/04/2012,0.0
22/04/2012,0.0
23/04/2012,0.0
24/04/2012,13.7
25/04/2012,0.3
26/04/2012,0.0
27/04/2012,0.0
28/04/2012,0.0
29/04/2012,0.0
30/04/2012,0.0
01/05/2012,0.0
02/05/2012,0.0
03/05/2012,0.0
04/05/2012,0.0
05/05/2012,0.0
06/05/2012,0.0
07/05/2012,0.0
08/05/2012,0.0
09/05/2012,0.0
10/05/2012,0.0
11/05/2012,0.0
12/05/2012,0.0
13/05/2012,0.0
14/05/2012,0.0
15/05/2012,0.0
16/05/2012,0.0
17/05/2012,0.0
18/05/2012,31.2
19/05/2012,0.0
20/05/2012,0.5
21/05/2012,0.4
22/05/2012,2.2
23/05/2012,3.2
24/05/2012,0.0
25/05/2012,0.0
26/05/2012,0.0
27/05/2012,0.0
28/05/2012,0.0
29/05/2012,0.0
30/05/2012,0.0
31/05/2012,0.0
01/06/2012,0.0
02/06/2012,0.0
03/06/2012,0.0
04/06/2012,0.0
05/06/2012,0.0
06/06/2012,0.0
07/06/2012,0.0
08/06/2012,0.0
09/06/2012,0.0
10/06/2012,0.0
11/06/2012,0.0
12/06/2012,0.0
13/06/2012,0.0
14/06/2012,0.0
15/06/2012,0.0
16/06/2012,0.0
17/06/2012,0.4
18/06/2012,0.0
19/06/2012,0.0
20/06/2012,0.0
21/06/2012,0.0
22/06/2012,0.0
23/06/2012,0.0
24/06/2012,0.0
25/06/2012,0.0
26/06/2012,0.0
27/06/2012,0.0
28/06/2012,0.0
29/06/2012,0.0
30/06/2012,0.0
01/07/2012,0.0
02/07/2012,0.0
03/07/2012,2.1
04/07/2012,0.2
05/07/2012,0.0
06/07/2012,0.0
07/07/2012,0.0
08/07/2012,0.0
09/07/2012,0.0
10/07/2012,0.0
11/07/2012,0.0
12/07/2012,0.0
13/07/2012,0.0
14/07/2012,0.0
15/07/2012,2.3
16/07/2012,0.0
17/07/2012,0.0
18/07/2012,0.0
19/07/2012,0.0
20/07/2012,0.0
21/07/2012,0.0
22/07/2012,0.0
23/07/2012,0.0
24/07/2012,0.0
25/07/2012,0.0
26/07/2012,0.0
27/07/2012,0.0
28/07/2012,0.0
29/07/2012,0.0
30/07/2012,0.0
31/07/2012,0.0
01/08/2012,0.0
02/08/2012,0.0
03/08/2012,0.0
04/08/2012,0.0
05/08/2012,0.0
06/08/2012,0.0
07/08/2012,4.2
08/08/2012,0.0
09/08/2012,0.0
10/08/2012,0.0
11/08/2012,0.5
12/08/2012,7.0
13/08/2012,0.0
14/08/2012,0.0
15/08/2012,25.6
16/08/2012,0.0
17/08/2012,31.5
18/08/2012,0.6
19/08/2012,23.1
20/08/2012,0.0
21/08/2012,0.0
22/08/2012,0.0
23/08/2012,0.0
24/08/2012,10.8
25/08/2012,0.0
26/08/2012,0.0
27/08/2012,0.0
28/08/2012,0.0
29/08/2012,0.0
30/08/2012,0.0
31/08/2012,0.0
01/09/2012,0.0
02/09/2012,0.0
03/09/2012,0.0
04/09/2012,0.0
05/09/2012,3.1
06/09/2012,23.0
07/09/2012,0.2
08/09/2012,0.0
09/09/2012,0.0
10/09/2012,0.0
11/09/2012,0.0
12/09/2012,0.0
13/09/2012,0.0
14/09/2012,0.0
15/09/2012,0.0
16/09/2012,0.0
17/09/2012,0.0
18/09/2012,25.1
19/09/2012,3.0
20/09/2012,0.0
21/09/2012,0.0
22/09/2012,0.0
23/09/2012,0.0
24/09/2012,0.0
25/09/2012,0.0
26/09/2012,0.0
27/09/2012,0.0
28/09/2012,0.0
29/09/2012,0.0
30/09/2012,0.0
01/10/2012,0.0
02/10/2012,0.0
03/10/2012,0.9
04/10/2012,0.0
05/10/2012,0.0
06/10/2012,36.5
07/10/2012,23.5
08/10/2012,2.9
09/10/2012,4.6
10/10/2012,0.0
11/10/2012,0.0
12/10/2012,0.0
13/10/2012,0.0
14/10/2012,0.0
15/10/2012,33.7
16/10/2012,0.3
17/10/2012,0.0
18/10/2012,0.0
19/10/2012,0.0
20/10/2012,15.7
21/10/2012,27.5
22/10/2012,0.0
23/10/2012,0.0
24/10/2012,0.0
25/10/2012,0.0
26/10/2012,0.0
27/10/2012,0.0
28/10/2012,7.7
29/10/2012,0.0
30/10/2012,0.0
31/10/2012,0.0
01/11/2012,0.0
02/11/2012,0.0
03/11/2012,0.0
04/11/2012,0.0
05/11/2012,0.0
06/11/2012,0.0
07/11/2012,0.0
08/11/2012,0.0
09/11/2012,20.5
10/11/2012,10.2
11/11/2012,0.0
12/11/2012,0.0
13/11/2012,0.0
14/11/2012,0.0
15/11/2012,0.0
16/11/2012,0.0
17/11/2012,0.0
18/11/2012,0.8
19/11/2012,0.0
20/11/2012,0.0
21/11/2012,0.0
22/11/2012,35.5
23/11/2012,0.0
24/11/2012,0.0
25/11/2012,0.0
26/11/2012,0.0
27/11/2012,0.0
28/11/2012,3.1
29/11/2012,0.0
30/11/2012,0.0
01/12/2012,0.0
02/12/2012,0.0
03/12/2012,55.5
04/12/2012,18.0
05/12/2012,0.0
06/12/2012,12.2
07/12/2012,3.8
08/12/2012,0.0
09/12/2012,0.0
10/12/2012,0.0
11/12/2012,0.0
12/12/2012,0.0
13/12/2012,0.0
14/12/2012,0.0
15/12/2012,2.7
16/12/2012,21.0
17/12/2012,4.7
18/12/2012,181.3
19/12/2012,29.9
20/12/2012,64.0
21/12/2012,0.0
22/12/2012,0.0
23/12/2012,0.0
24/12/2012,0.0
25/12/2012,0.0
26/12/2012,0.0
27/12/2012,0.0
28/12/2012,0.0
29/12/2012,0.0
30/12/2012,0.0
31/12/2012,0.6
01/01/2013,0.0
02/01/2013,0.0
03/01/2013,0.0
04/01/2013,10.8
05/01/2013,4.7
06/01/2013,0.0
07/01/2013,0.0
08/01/2013,0.0
09/01/2013,0.0
10/01/2013,0.0
11/01/2013,0.0
12/01/2013,0.0
13/01/2013,0.0
14/01/2013,0.0
15/01/2013,0.0
16/01/2013,0.0
17/01/2013,0.0
18/01/2013,0.0
19/01/2013,0.0
20/01/2013,0.0
21/01/2013,0.0
22/01/2013,0.0
23/01/2013,0.0
24/01/2013,36.0
25/01/2013,0.0
26/01/2013,0.0
27/01/2013,0.0
28/01/2013,0.0
29/01/2013,0.0
30/01/2013,0.0
31/01/2013,11.5
01/02/2013,23.0
02/02/2013,32.8
03/02/2013,0.0
04/02/2013,0.0
05/02/2013,0.0
06/02/2013,0.0
07/02/2013,0.0
08/02/2013,0.0
09/02/2013,0.0
10/02/2013,1.8
11/02/2013,0.0
12/02/2013,0.0
13/02/2013,3.7
14/02/2013,0.0
15/02/2013,0.0
16/02/2013,0.0
17/02/2013,33.9
18/02/2013,24.0
19/02/2013,2.0
20/02/2013,1.8
21/02/2013,0.0
22/02/2013,0.0
23/02/2013,0.0
24/02/2013,4.7
25/02/2013,0.0
26/02/2013,0.0
27/02/2013,0.0
28/02/2013,0.0
01/03/2013,0.0
02/03/2013,67.3
03/03/2013,0.0
04/03/2013,0.0
05/03/2013,0.0
06/03/2013,0.0
07/03/2013,0.0
08/03/2013,0.0
09/03/2013,0.0
10/03/2013,0.0
11/03/2013,27.0
12/03/2013,0.0
13/03/2013,0.0
14/03/2013,0.4
15/03/2013,0.0
16/03/2013,0.0
17/03/2013,0.0
18/03/2013,0.0
19/03/2013,0.0
20/03/2013,1.4
21/03/2013,0.0
22/03/2013,0.0
23/03/2013,0.0
24/03/2013,0.0
25/03/2013,0.0
26/03/2013,0.0
27/03/2013,0.0
28/03/2013,0.0
29/03/2013,0.0
30/03/2013,0.0
31/03/2013,0.0
01/04/2013,44.9
02/04/2013,5.4
03/04/2013,0.0
04/04/2013,0.0
05/04/2013,0.0
06/04/2013,0.0
07/04/2013,0.0
08/04/2013,0.0
09/04/2013,0.0
10/04/2013,0.0
11/04/2013,66.4
12/04/2013,0.0
13/04/2013,0.0
14/04/2013,0.0
15/04/2013,0.0
16/04/2013,0.0
17/04/2013,0.0
18/04/2013,0.0
19/04/2013,0.0
20/04/2013,0.0
21/04/2013,0.0
22/04/2013,0.0
23/04/2013,0.0
24/04/2013,0.0
25/04/2013,0.0
26/04/2013,0.0
27/04/2013,0.6
28/04/2013,17.9
29/04/2013,0.0
30/04/2013,0.0
01/05/2013,10.0
02/05/2013,2.2
03/05/2013,29.0
04/05/2013,0.0
05/05/2013,0.0
06/05/2013,0.0
07/05/2013,0.0
08/05/2013,0.0
09/05/2013,0.0
10/05/2013,0.0
11/05/2013,0.0
12/05/2013,0.0
13/05/2013,0.0
14/05/2013,0.0
15/05/2013,2.9
16/05/2013,0.0
17/05/2013,0.0
18/05/2013,3.1
19/05/2013,1.0
20/05/2013,0.0
21/05/2013,0.0
22/05/2013,0.0
23/05/2013,0.0
24/05/2013,0.0
25/05/2013,0.0
26/05/2013,0.0
27/05/2013,0.0
28/05/2013,0.0
29/05/2013,2.9
30/05/2013,0.0
31/05/2013,0.0
01/06/2013,0.0
02/06/2013,0.0
03/06/2013,0.0
04/06/2013,0.0
05/06/2013,0.0
06/06/2013,0.0
07/06/2013,0.0
08/06/2013,0.0
09/06/2013,14.6
10/06/2013,0.0
11/06/2013,0.0
12/06/2013,0.0
13/06/2013,0.0
14/06/2013,0.8
15/06/2013,0.0
16/06/2013,0.6
17/06/2013,0.0
18/06/2013,0.4
19/06/2013,0.0
20/06/2013,0.0
21/06/2013,0.0
22/06/2013,0.0
23/06/2013,0.0
24/06/2013,0.0
25/06/2013,0.0
26/06/2013,0.0
27/06/2013,0.0
28/06/2013,0.0
29/06/2013,0.0
30/06/2013,0.0
01/07/2013,0.0
02/07/2013,0.0
03/07/2013,0.0
04/07/2013,0.0
05/07/2013,0.0
06/07/2013,0.2
07/07/2013,0.0
08/07/2013,0.0
09/07/2013,0.0
10/07/2013,0.8
11/07/2013,0.0
12/07/2013,0.0
13/07/2013,0.0
14/07/2013,0.0
15/07/2013,0.0
16/07/2013,0.0
17/07/2013,0.0
18/07/2013,0.0
19/07/2013,0.0
20/07/2013,0.0
21/07/2013,0.0
22/07/2013,0.0
23/07/2013,0.0
24/07/2013,0.0
25/07/2013,0.0
26/07/2013,0.0
27/07/2013,0.0
28/07/2013,0.0
29/07/2013,0.0
30/07/2013,0.0
31/07/2013,0.0
01/08/2013,0.0
02/08/2013,0.0
03/08/2013,0.0
04/08/2013,0.0
05/08/2013,0.0
06/08/2013,0.0
07/08/2013,0.3
08/08/2013,9.0
09/08/2013,0.0
10/08/2013,0.0
11/08/2013,0.0
12/08/2013,0.0
13/08/2013,0.0
14/08/2013,0.0
15/08/2013,0.0
16/08/2013,0.0
17/08/2013,0.0
18/08/2013,0.0
19/08/2013,0.0
20/08/2013,0.0
21/08/2013,0.0
22/08/2013,0.0
23/08/2013,0.0
24/08/2013,0.0
25/08/2013,0.0
26/08/2013,0.0
27/08/2013,0.0
28/08/2013,0.0
29/08/2013,0.0
30/08/2013,0.0
31/08/2013,0.0
01/09/2013,0.0
02/09/2013,0.0
03/09/2013,0.0
04/09/2013,0.0
05/09/2013,0.0
06/09/2013,0.0
07/09/2013,0.0
08/09/2013,0.0
09/09/2013,0.0
10/09/2013,0.0
11/09/2013,0.0
12/09/2013,0.0
13/09/2013,1.4
14/09/2013,0.7
15/09/2013,0.0
16/09/2013,0.3
17/09/2013,0.0
18/09/2013,0.0
19/09/2013,0.0
20/09/2013,0.0
21/09/2013,1.0
22/09/2013,9.0
23/09/2013,0.0
24/09/2013,0.0
25/09/2013,0.0
26/09/2013,0.0
27/09/2013,0.0
28/09/2013,0.0
29/09/2013,0.0
30/09/2013,0.0
01/10/2013,0.0
02/10/2013,0.0
03/10/2013,0.0
04/10/2013,0.0
05/10/2013,0.0
06/10/2013,0.0
07/10/2013,0.0
08/10/2013,0.0
09/10/2013,0.0
10/10/2013,11.0
11/10/2013,20.0
12/10/2013,0.0
13/10/2013,0.0
14/10/2013,0.0
15/10/2013,0.0
16/10/2013,0.0
17/10/2013,0.0
18/10/2013,0.0
19/10/2013,0.0
20/10/2013,0.0
21/10/2013,0.0
22/10/2013,0.0
23/10/2013,0.0
24/10/2013,0.0
25/10/2013,5.0
26/10/2013,11.0
27/10/2013,0.0
28/10/2013,0.0
29/10/2013,0.0
30/10/2013,0.0
31/10/2013,24.2
01/11/2013,74.0
02/11/2013,0.0
03/11/2013,0.0
04/11/2013,0.0
05/11/2013,0.0
06/11/2013,0.0
07/11/2013,0.0
08/11/2013,0.0
09/11/2013,40.0
10/11/2013,28.5
11/11/2013,47.4
12/11/2013,5.6
13/11/2013,0.0
14/11/2013,0.0
15/11/2013,17.5
16/11/2013,0.0
17/11/2013,0.0
18/11/2013,0.0
19/11/2013,0.0
20/11/2013,0.0
21/11/2013,0.0
22/11/2013,0.0
23/11/2013,0.0
24/11/2013,0.0
25/11/2013,45.6
26/11/2013,4.4
27/11/2013,31.0
28/11/2013,0.0
29/11/2013,0.0
30/11/2013,0.0
01/12/2013,0.0
02/12/2013,0.0
03/12/2013,0.0
04/12/2013,0.0
05/12/2013,0.0
06/12/2013,4.0
07/12/2013,0.0
08/12/2013,46.1
09/12/2013,0.0
10/12/2013,0.0
11/12/2013,0.0
12/12/2013,0.0
13/12/2013,0.0
14/12/2013,0.0
15/12/2013,0.0
16/12/2013,0.0
17/12/2013,0.0
18/12/2013,0.0
19/12/2013,0.0
20/12/2013,0.0
21/12/2013,0.0
22/12/2013,0.0
23/12/2013,0.0
24/12/2013,0.0
25/12/2013,0.0
26/12/2013,0.0
27/12/2013,2.5
28/12/2013,14.4
29/12/2013,0.3
30/12/2013,5.0
31/12/2013,5.2
01/01/2014,0.0
02/01/2014,2.1
03/01/2014,0.0
04/01/2014,0.0
05/01/2014,0.0
06/01/2014,0.0
07/01/2014,0.0
08/01/2014,0.0
09/01/2014,0.0
10/01/2014,0.0
11/01/2014,0.0
12/01/2014,0.0
13/01/2014,0.0
14/01/2014,0.0
15/01/2014,0.0
16/01/2014,0.0
17/01/2014,0.0
18/01/2014,0.0
19/01/2014,0.0
20/01/2014,1.0
21/01/2014,0.0
22/01/2014,0.0
23/01/2014,0.0
24/01/2014,29.5
25/01/2014,0.0
26/01/2014,0.0
27/01/2014,13.2
28/01/2014,18.2
29/01/2014,0.0
30/01/2014,0.0
31/01/2014,0.0
01/02/2014,0.0
02/02/2014,0.0
03/02/2014,41.0
04/02/2014,69.5
05/02/2014,0.0
06/02/2014,0.0
07/02/2014,0.0
08/02/2014,0.0
09/02/2014,0.0
10/02/2014,100.0
11/02/2014,0.0
12/02/2014,9.5
13/02/2014,0.0
14/02/2014,0.0
15/02/2014,0.0
16/02/2014,0.2
17/02/2014,30.0
18/02/2014,9.0
19/02/2014,0.0
20/02/2014,0.0
21/02/2014,8.8
22/02/2014,15.0
23/02/2014,0.0
24/02/2014,14.5
25/02/2014,15.1
26/02/2014,0.2
27/02/2014,0.0
28/02/2014,0.0
01/03/2014,0.0
02/03/2014,5.8
03/03/2014,36.4
04/03/2014,0.0
05/03/2014,0.0
06/03/2014,0.0
07/03/2014,0.0
08/03/2014,0.0
09/03/2014,0.0
10/03/2014,32.5
11/03/2014,0.0
12/03/2014,0.0
13/03/2014,0.0
14/03/2014,79.0
15/03/2014,0.0
16/03/2014,0.0
17/03/2014,0.0
18/03/2014,1.5
19/03/2014,7.3
20/03/2014,0.0
21/03/2014,0.0
22/03/2014,0.0
23/03/2014,0.0
24/03/2014,0.0
25/03/2014,0.0
26/03/2014,0.0
27/03/2014,41.0
28/03/2014,0.0
29/03/2014,1.9
30/03/2014,0.0
31/03/2014,0.0
01/04/2014,0.0
02/04/2014,0.0
03/04/2014,0.0
04/04/2014,0.0
05/04/2014,0.0
06/04/2014,18.1
07/04/2014,31.7
08/04/2014,17.7
09/04/2014,0.0
10/04/2014,0.0
11/04/2014,0.3
12/04/2014,0.0
13/04/2014,0.0
14/04/2014,0.0
15/04/2014,0.0
16/04/2014,0.0
17/04/2014,0.0
18/04/2014,0.0
19/04/2014,0.0
20/04/2014,0.0
21/04/2014,0.0
22/04/2014,0.0
23/04/2014,0.0
24/04/2014,0.0
25/04/2014,0.0
26/04/2014,0.0
27/04/2014,0.0
28/04/2014,0.0
29/04/2014,12.2
30/04/2014,14.5
01/05/2014,0.0
02/05/2014,0.0
03/05/2014,0.0
04/05/2014,0.0
05/05/2014,0.0
06/05/2014,0.0
07/05/2014,0.0
08/05/2014,0.0
09/05/2014,0.0
10/05/2014,8.3
11/05/2014,32.2
12/05/2014,0.0
13/05/2014,0.0
14/05/2014,0.0
15/05/2014,0.0
16/05/2014,0.0
17/05/2014,0.3
18/05/2014,0.0
19/05/2014,6.0
20/05/2014,0.0
21/05/2014,4.5
22/05/2014,0.0
23/05/2014,0.0
24/05/2014,0.0
25/05/2014,0.0
26/05/2014,0.0
27/05/2014,0.0
28/05/2014,0.0
29/05/2014,0.0
30/05/2014,0.0
31/05/2014,11.0
01/06/2014,0.0
02/06/2014,0.0
03/06/2014,0.0
04/06/2014,0.0
05/06/2014,0.0
06/06/2014,0.0
07/06/2014,0.0
08/06/2014,0.0
09/06/2014,0.0
10/06/2014,0.0
11/06/2014,0.0
12/06/2014,0.2
13/06/2014,0.0
14/06/2014,0.0
15/06/2014,0.0
16/06/2014,0.0
17/06/2014,0.0
18/06/2014,0.0
19/06/2014,0.0
20/06/2014,0.0
21/06/2014,0.0
22/06/2014,0.0
23/06/2014,0.0
24/06/2014,0.0
25/06/2014,0.0
26/06/2014,0.0
27/06/2014,0.0
28/06/2014,0.0
29/06/2014,0.0
30/06/2014,0.0
01/07/2014,0.0
02/07/2014,0.0
03/07/2014,0.0
04/07/2014,0.0
05/07/2014,8.5
06/07/2014,0.0
07/07/2014,0.0
08/07/2014,0.0
09/07/2014,0.0
10/07/2014,0.0
11/07/2014,0.0
12/07/2014,0.0
13/07/2014,0.0
14/07/2014,0.0
15/07/2014,0.0
16/07/2014,0.0
17/07/2014,0.0
18/07/2014,0.0
19/07/2014,0.0
20/07/2014,0.0
21/07/2014,0.0
22/07/2014,20.0
23/07/2014,0.0
24/07/2014,0.0
25/07/2014,0.0
26/07/2014,0.0
27/07/2014,0.0
28/07/2014,0.0
29/07/2014,0.0
30/07/2014,0.0
31/07/2014,0.0
01/08/2014,0.0
02/08/2014,0.0
03/08/2014,0.0
04/08/2014,0.0
05/08/2014,0.0
06/08/2014,0.0
07/08/2014,0.0
08/08/2014,0.0
09/08/2014,0.0
10/08/2014,0.0
11/08/2014,0.0
12/08/2014,0.0
13/08/2014,0.0
14/08/2014,0.0
15/08/2014,0.0
16/08/2014,0.0
17/08/2014,0.0
18/08/2014,0.0
19/08/2014,0.0
20/08/2014,0.0
21/08/2014,0.0
22/08/2014,0.0
23/08/2014,0.0
24/08/2014,0.0
25/08/2014,0.0
26/08/2014,0.0
27/08/2014,0.0
28/08/2014,0.0
29/08/2014,0.0
30/08/2014,0.0
31/08/2014,0.0
01/09/2014,0.0
02/09/2014,0.0
03/09/2014,0.0
04/09/2014,40.5
05/09/2014,2.3
06/09/2014,27.3
07/09/2014,0.0
08/09/2014,0.0
09/09/2014,0.2
10/09/2014,0.0
11/09/2014,0.0
12/09/2014,0.0
13/09/2014,2.3
14/09/2014,0.2
15/09/2014,0.0
16/09/2014,0.0
17/09/2014,0.0
18/09/2014,0.0
19/09/2014,0.0
20/09/2014,0.0
21/09/2014,0.0
22/09/2014,0.0
23/09/2014,0.3
24/09/2014,0.0
25/09/2014,0.0
26/09/2014,0.0
27/09/2014,0.0
28/09/2014,0.0
29/09/2014,0.0
30/09/2014,0.0
01/10/2014,0.0
02/10/2014,0.0
03/10/2014,12.5
04/10/2014,16.8
05/10/2014,3.5
06/10/2014,0.0
07/10/2014,0.0
08/10/2014,0.0
09/10/2014,0.0
10/10/2014,5.6
11/10/2014,0.0
12/10/2014,0.0
13/10/2014,0.0
14/10/2014,0.0
15/10/2014,0.0
16/10/2014,0.0
17/10/2014,0.0
18/10/2014,8.0
19/10/2014,0.0
20/10/2014,0.0
21/10/2014,0.0
22/10/2014,0.0
23/10/2014,0.0
24/10/2014,0.0
25/10/2014,0.0
26/10/2014,0.0
27/10/2014,0.0
28/10/2014,0.0
29/10/2014,0.0
30/10/2014,0.0
31/10/2014,17.7
01/11/2014,3.7
02/11/2014,40.7
03/11/2014,11.6
04/11/2014,0.0
05/11/2014,0.0
06/11/2014,0.0
07/11/2014,0.0
08/11/2014,0.0
09/11/2014,0.0
10/11/2014,0.5
11/11/2014,0.0
12/11/2014,0.0
13/11/2014,0.0
14/11/2014,0.0
15/11/2014,0.0
16/11/2014,0.0
17/11/2014,0.0
18/11/2014,0.0
19/11/2014,5.3
20/11/2014,4.0
21/11/2014,12.0
22/11/2014,0.0
23/11/2014,0.0
24/11/2014,0.0
25/11/2014,0.0
26/11/2014,0.1
27/11/2014,0.0
28/11/2014,0.0
29/11/2014,38.5
30/11/2014,6.8
01/12/2014,1.3
02/12/2014,0.0
03/12/2014,0.0
04/12/2014,0.0
05/12/2014,0.0
06/12/2014,0.0
07/12/2014,0.0
08/12/2014,17.7
09/12/2014,0.0
10/12/2014,32.0
11/12/2014,0.0
12/12/2014,10.3
13/12/2014,0.0
14/12/2014,0.0
15/12/2014,7.0
16/12/2014,26.8
17/12/2014,0.0
18/12/2014,0.0
19/12/2014,0.0
20/12/2014,18.6
21/12/2014,0.0
22/12/2014,0.0
23/12/2014,0.0
24/12/2014,0.0
25/12/2014,0.0
26/12/2014,9.8
27/12/2014,3.0
28/12/2014,1.0
29/12/2014,0.0
30/12/2014,16.8
31/12/2014,0.5
01/01/2015,3.8
02/01/2015,0.0
03/01/2015,0.0
04/01/2015,0.0
05/01/2015,0.0
06/01/2015,28.1
07/01/2015,22.5
08/01/2015,0.0
09/01/2015,0.7
10/01/2015,75.4
11/01/2015,5.5
12/01/2015,0.0
13/01/2015,13.3
14/01/2015,0.0
15/01/2015,0.0
16/01/2015,0.0
17/01/2015,0.0
18/01/2015,0.0
19/01/2015,20.6
20/01/2015,0.0
21/01/2015,0.0
22/01/2015,0.0
23/01/2015,0.0
24/01/2015,0.0
25/01/2015,0.0
26/01/2015,7.0
27/01/2015,11.0
28/01/2015,0.0
29/01/2015,0.0
30/01/2015,0.0
31/01/2015,0.0
01/02/2015,0.0
02/02/2015,8.4
03/02/2015,51.4
04/02/2015,0.0
05/02/2015,0.0
06/02/2015,0.0
07/02/2015,0.0
08/02/2015,13.6
09/02/2015,0.0
10/02/2015,18.7
11/02/2015,0.0
12/02/2015,0.0
13/02/2015,0.0
14/02/2015,0.0
15/02/2015,0.0
16/02/2015,0.0
17/02/2015,0.0
18/02/2015,37.7
19/02/2015,0.0
20/02/2015,0.0
21/02/2015,0.0
22/02/2015,0.0
23/02/2015,0.0
24/02/2015,2.3
25/02/2015,112.2
26/02/2015,0.0
27/02/2015,0.0
28/02/2015,0.0
01/03/2015,54.3
02/03/2015,0.0
03/03/2015,113.7
04/03/2015,0.0
05/03/2015,0.0
06/03/2015,0.2
07/03/2015,0.0
08/03/2015,0.0
09/03/2015,0.0
10/03/2015,0.0
11/03/2015,0.0
12/03/2015,0.0
13/03/2015,0.0
14/03/2015,0.7
15/03/2015,0.0
16/03/2015,0.0
17/03/2015,0.0
18/03/2015,0.0
19/03/2015,0.0
20/03/2015,7.8
21/03/2015,0.0
22/03/2015,0.0
23/03/2015,0.0
24/03/2015,2.3
25/03/2015,8.8
26/03/2015,1.5
27/03/2015,0.0
28/03/2015,0.0
29/03/2015,0.0
30/03/2015,0.0
31/03/2015,16.8
01/04/2015,0.0
02/04/2015,0.0
03/04/2015,0.0
04/04/2015,0.5
05/04/2015,0.0
06/04/2015,0.0
07/04/2015,0.0
08/04/2015,0.0
09/04/2015,0.0
10/04/2015,0.0
11/04/2015,0.0
12/04/2015,0.0
13/04/2015,0.0
14/04/2015,15.7
15/04/2015,7.4
16/04/2015,0.0
17/04/2015,17.1
18/04/2015,0.0
19/04/2015,0.0
20/04/2015,0.0
21/04/2015,0.0
22/04/2015,0.0
23/04/2015,0.0
24/04/2015,0.0
25/04/2015,0.0
26/04/2015,0.0
27/04/2015,0.8
28/04/2015,0.0
29/04/2015,2.0
30/04/2015,0.5
01/05/2015,0.0
02/05/2015,0.3
03/05/2015,0.0
04/05/2015,0.0
05/05/2015,0.0
06/05/2015,0.0
07/05/2015,0.0
08/05/2015,0.0
09/05/2015,3.0
10/05/2015,3.5
11/05/2015,0.0
12/05/2015,0.0
13/05/2015,0.0
14/05/2015,0.0
15/05/2015,0.0
16/05/2015,0.0
17/05/2015,0.0
18/05/2015,0.0
19/05/2015,0.0
20/05/2015,0.0
21/05/2015,0.0
22/05/2015,0.0
23/05/2015,0.0
24/05/2015,0.0
25/05/2015,0.0
26/05/2015,0.0
27/05/2015,0.0
28/05/2015,0.0
29/05/2015,0.0
30/05/2015,0.0
31/05/2015,0.0
01/06/2015,0.0
02/06/2015,0.0
03/06/2015,0.0
04/06/2015,0.0
05/06/2015,0.0
06/06/2015,0.0
07/06/2015,0.0
08/06/2015,0.0
09/06/2015,0.0
10/06/2015,0.0
11/06/2015,0.0
12/06/2015,0.0
13/06/2015,0.0
14/06/2015,0.0
15/06/2015,0.0
16/06/2015,0.0
17/06/2015,0.0
18/06/2015,0.0
19/06/2015,0.0
20/06/2015,0.0
21/06/2015,0.0
22/06/2015,0.0
23/06/2015,0.0
24/06/2015,0.0
25/06/2015,0.0
26/06/2015,0.0
27/06/2015,0.0
28/06/2015,0.5
29/06/2015,0.5
30/06/2015,0.0
01/07/2015,0.0
02/07/2015,0.0
03/07/2015,0.1
04/07/2015,0.0
05/07/2015,0.0
06/07/2015,0.0
07/07/2015,0.0
08/07/2015,0.0
09/07/2015,0.0
10/07/2015,0.0
11/07/2015,0.0
12/07/2015,0.0
13/07/2015,0.0
14/07/2015,0.0
15/07/2015,0.0
16/07/2015,0.0
17/07/2015,0.0
18/07/2015,0.0
19/07/2015,0.0
20/07/2015,0.0
21/07/2015,0.0
22/07/2015,0.0
23/07/2015,0.0
24/07/2015,0.0
25/07/2015,0.0
26/07/2015,0.0
27/07/2015,0.0
28/07/2015,0.0
29/07/2015,0.0
30/07/2015,1.1
31/07/2015,2.4
01/08/2015,0.0
02/08/2015,0.0
03/08/2015,0.0
04/08/2015,0.0
05/08/2015,0.0
06/08/2015,0.0
07/08/2015,0.0
08/08/2015,0.0
09/08/2015,61.2
10/08/2015,19.3
11/08/2015,0.0
12/08/2015,10.0
13/08/2015,0.5
14/08/2015,0.0
15/08/2015,0.0
16/08/2015,0.0
17/08/2015,0.8
18/08/2015,0.2
19/08/2015,0.0
20/08/2015,0.0
21/08/2015,0.0
22/08/2015,0.0
23/08/2015,0.0
24/08/2015,0.0
25/08/2015,0.0
26/08/2015,0.0
27/08/2015,0.0
28/08/2015,0.0
29/08/2015,0.0
30/08/2015,0.0
31/08/2015,0.0
01/09/2015,0.0
02/09/2015,0.0
03/09/2015,0.0
04/09/2015,0.0
05/09/2015,0.0
06/09/2015,0.0
07/09/2015,0.0
08/09/2015,0.0
09/09/2015,3.3
10/09/2015,5.7
11/09/2015,0.0
12/09/2015,0.0
13/09/2015,0.0
14/09/2015,0.0
15/09/2015,0.0
16/09/2015,0.0
17/09/2015,0.0
18/09/2015,0.0
19/09/2015,0.0
20/09/2015,0.0
21/09/2015,0.0
22/09/2015,0.0
23/09/2015,3.5
24/09/2015,1.2
25/09/2015,0.0
26/09/2015,0.0
27/09/2015,0.0
28/09/2015,0.0
29/09/2015,8.0
30/09/2015,0.0
01/10/2015,0.0
02/10/2015,38.6
03/10/2015,0.0
04/10/2015,0.0
05/10/2015,0.0
06/10/2015,0.0
07/10/2015,0.0
08/10/2015,0.0
09/10/2015,0.0
10/10/2015,0.0
11/10/2015,0.0
12/10/2015,0.0
13/10/2015,0.0
14/10/2015,3.4
15/10/2015,0.0
16/10/2015,0.0
17/10/2015,0.0
18/10/2015,0.0
19/10/2015,0.0
20/10/2015,0.0
21/10/2015,0.0
22/10/2015,0.0
23/10/2015,0.0
24/10/2015,0.0
25/10/2015,0.0
26/10/2015,8.9
27/10/2015,0.0
28/10/2015,0.0
29/10/2015,7.2
30/10/2015,0.0
31/10/2015,0.0
01/11/2015,1.3
02/11/2015,0.0
03/11/2015,0.2
04/11/2015,13.0
05/11/2015,0.4
06/11/2015,0.0
07/11/2015,0.0
08/11/2015,0.0
09/11/2015,0.0
10/11/2015,1.0
11/11/2015,0.0
12/11/2015,0.2
13/11/2015,0.0
14/11/2015,0.0
15/11/2015,0.0
16/11/2015,0.0
17/11/2015,0.0
18/11/2015,23.5
19/11/2015,36.8
20/11/2015,0.0
21/11/2015,0.0
22/11/2015,0.0
23/11/2015,0.0
24/11/2015,0.0
25/11/2015,0.0
26/11/2015,2.0
27/11/2015,63.0
28/11/2015,0.0
29/11/2015,0.0
30/11/2015,0.0
01/12/2015,0.0
02/12/2015,0.0
03/12/2015,5.7
04/12/2015,0.3
05/12/2015,0.0
06/12/2015,0.0
07/12/2015,0.0
08/12/2015,0.0
09/12/2015,6.0
10/12/2015,0.0
11/12/2015,0.0
12/12/2015,0.5
13/12/2015,0.0
14/12/2015,4.0
15/12/2015,0.0
16/12/2015,0.0
17/12/2015,32.6
18/12/2015,6.0
19/12/2015,0.0
20/12/2015,0.0
21/12/2015,0.0
22/12/2015,29.5
23/12/2015,1.9
24/12/2015,0.0
25/12/2015,0.0
26/12/2015,0.0
27/12/2015,0.0
28/12/2015,0.0
29/12/2015,0.8
30/12/2015,0.0
31/12/2015,0.0
01/01/2016,0.0
02/01/2016,0.0
03/01/2016,6.0
04/01/2016,0.0
05/01/2016,0.0
06/01/2016,0.0
07/01/2016,0.0
08/01/2016,0.1
09/01/2016,0.0
10/01/2016,0.0
11/01/2016,0.0
12/01/2016,33.9
13/01/2016,0.0
14/01/2016,0.0
15/01/2016,0.0
16/01/2016,0.0
17/01/2016,18.0
18/01/2016,0.0
19/01/2016,0.0
20/01/2016,0.0
21/01/2016,0.0
22/01/2016,0.0
23/01/2016,0.0
24/01/2016,0.0
25/01/2016,20.5
26/01/2016,0.5
27/01/2016,0.0
28/01/2016,0.0
29/01/2016,0.7
30/01/2016,0.0
31/01/2016,0.0
01/02/2016,0.0
02/02/2016,0.0
03/02/2016,0.0
04/02/2016,0.0
05/02/2016,0.3
06/02/2016,0.0
07/02/2016,7.3
08/02/2016,108.7
09/02/2016,0.0
10/02/2016,0.0
11/02/2016,0.0
12/02/2016,0.0
13/02/2016,77.2
14/02/2016,0.0
15/02/2016,0.3
16/02/2016,0.0
17/02/2016,77.1
18/02/2016,1.5
19/02/2016,53.7
20/02/2016,0.0
21/02/2016,0.0
22/02/2016,0.0
23/02/2016,0.0
24/02/2016,0.0
25/02/2016,0.0
26/02/2016,54.5
27/02/2016,0.0
28/02/2016,0.0
29/02/2016,0.0
01/03/2016,11.7
02/03/2016,0.0
03/03/2016,0.0
04/03/2016,0.0
05/03/2016,0.0
06/03/2016,0.0
07/03/2016,0.0
08/03/2016,0.0
09/03/2016,0.0
10/03/2016,0.2
11/03/2016,0.0
12/03/2016,0.0
13/03/2016,0.0
14/03/2016,0.0
15/03/2016,0.0
16/03/2016,0.0
17/03/2016,0.0
18/03/2016,24.6
19/03/2016,2.5
20/03/2016,15.5
21/03/2016,0.5
22/03/2016,0.0
23/03/2016,0.0
24/03/2016,0.0
25/03/2016,0.0
26/03/2016,0.0
27/03/2016,0.0
28/03/2016,0.0
29/03/2016,0.0
30/03/2016,0.0
31/03/2016,0.0
01/04/2016,51.0
02/04/2016,49.0
03/04/2016,4.5
04/04/2016,3.4
05/04/2016,31.0
06/04/2016,12.1
07/04/2016,8.0
08/04/2016,31.6
09/04/2016,0.5
10/04/2016,13.4
11/04/2016,9.5
12/04/2016,24.7
13/04/2016,2.0
14/04/2016,0.2
15/04/2016,8.4
16/04/2016,3.5
17/04/2016,0.0
18/04/2016,19.3
19/04/2016,19.0
20/04/2016,6.1
21/04/2016,0.0
22/04/2016,0.0
23/04/2016,0.0
24/04/2016,0.0
25/04/2016,9.8
26/04/2016,0.0
27/04/2016,0.0
28/04/2016,0.0
29/04/2016,0.0
30/04/2016,0.0
01/05/2016,0.0
02/05/2016,0.0
03/05/2016,0.0
04/05/2016,0.0
05/05/2016,0.0
06/05/2016,0.0
07/05/2016,0.0
08/05/2016,0.0
09/05/2016,0.6
10/05/2016,7.6
11/05/2016,0.5
12/05/2016,0.3
13/05/2016,0.0
14/05/2016,0.8
15/05/2016,2.8
16/05/2016,1.0
17/05/2016,0.0
18/05/2016,0.0
19/05/2016,0.0
20/05/2016,0.0
21/05/2016,0.0
22/05/2016,0.0
23/05/2016,0.0
24/05/2016,0.0
25/05/2016,0.0
26/05/2016,0.0
27/05/2016,0.0
28/05/2016,0.3
29/05/2016,0.6
30/05/2016,0.1
31/05/2016,0.0
01/06/2016,0.0
02/06/2016,0.3
03/06/2016,0.0
04/06/2016,0.0
05/06/2016,14.8
06/06/2016,0.0
07/06/2016,0.0
08/06/2016,0.0
09/06/2016,0.0
10/06/2016,0.0
11/06/2016,0.0
12/06/2016,0.0
13/06/2016,0.0
14/06/2016,0.0
15/06/2016,0.0
16/06/2016,0.0
17/06/2016,0.0
18/06/2016,0.0
19/06/2016,0.0
20/06/2016,0.0
21/06/2016,0.0
22/06/2016,0.0
23/06/2016,0.0
24/06/2016,0.0
25/06/2016,17.7
26/06/2016,7.3
27/06/2016,0.0
28/06/2016,0.0
29/06/2016,0.0
30/06/2016,0.0
01/07/2016,0.3
02/07/2016,1.5
03/07/2016,3.3
04/07/2016,2.7
05/07/2016,3.0
06/07/2016,0.0
07/07/2016,0.0
08/07/2016,0.0
09/07/2016,0.0
10/07/2016,0.0
11/07/2016,0.0
12/07/2016,0.0
13/07/2016,0.0
14/07/2016,0.0
15/07/2016,0.0
16/07/2016,0.0
17/07/2016,0.0
18/07/2016,0.0
19/07/2016,0.0
20/07/2016,0.0
21/07/2016,0.0
22/07/2016,0.0
23/07/2016,0.0
24/07/2016,0.0
25/07/2016,4.0
26/07/2016,0.0
27/07/2016,0.0
28/07/2016,0.0
29/07/2016,0.0
30/07/2016,0.0
31/07/2016,0.0
01/08/2016,0.0
02/08/2016,0.0
03/08/2016,0.0
04/08/2016,0.0
05/08/2016,0.0
06/08/2016,0.0
07/08/2016,0.0
08/08/2016,0.0
09/08/2016,0.0
10/08/2016,0.0
11/08/2016,0.0
12/08/2016,0.0
13/08/2016,0.0
14/08/2016,0.0
15/08/2016,0.0
16/08/2016,0.0
17/08/2016,0.0
18/08/2016,0.0
19/08/2016,0.0
20/08/2016,0.0
21/08/2016,0.0
22/08/2016,0.0
23/08/2016,0.0
24/08/2016,0.0
25/08/2016,0.0
26/08/2016,0.0
27/08/2016,3.0
28/08/2016,0.0
29/08/2016,0.0
30/08/2016,0.0
31/08/2016,0.0
01/09/2016,0.0
02/09/2016,5.4
03/09/2016,0.0
04/09/2016,0.0
05/09/2016,0.0
06/09/2016,0.0
07/09/2016,0.0
08/09/2016,0.0
09/09/2016,0.0
10/09/2016,0.0
11/09/2016,0.0
12/09/2016,0.0
13/09/2016,0.0
14/09/2016,0.0
15/09/2016,0.0
16/09/2016,0.0
17/09/2016,0.0
18/09/2016,0.0
19/09/2016,0.0
20/09/2016,0.0
21/09/2016,0.0
22/09/2016,0.0
23/09/2016,0.0
24/09/2016,8.9
25/09/2016,0.0
26/09/2016,0.0
27/09/2016,0.0
28/09/2016,0.0
29/09/2016,2.2
30/09/2016,0.0
01/10/2016,0.0
02/10/2016,0.0
03/10/2016,0.0
04/10/2016,28.0
05/10/2016,2.2
06/10/2016,0.0
07/10/2016,0.0
08/10/2016,0.0
09/10/2016,0.0
10/10/2016,0.0
11/10/2016,0.0
12/10/2016,0.0
13/10/2016,0.0
14/10/2016,0.6
15/10/2016,23.8
16/10/2016,28.2
17/10/2016,0.8
18/10/2016,7.1
19/10/2016,29.6
20/10/2016,0.0
21/10/2016,0.2
22/10/2016,0.0
23/10/2016,0.0
24/10/2016,0.0
25/10/2016,13.0
26/10/2016,5.5
27/10/2016,0.0
28/10/2016,0.0
29/10/2016,0.0
30/10/2016,0.0
31/10/2016,0.0
01/11/2016,17.3
02/11/2016,0.0
03/11/2016,0.0
04/11/2016,0.0
05/11/2016,0.0
06/11/2016,0.0
07/11/2016,2.1
08/11/2016,0.0
09/11/2016,0.0
10/11/2016,13.8
11/11/2016,0.0
12/11/2016,0.0
13/11/2016,0.0
14/11/2016,3.9
15/11/2016,0.0
16/11/2016,7.5
17/11/2016,0.0
18/11/2016,0.0
19/11/2016,0.0
20/11/2016,0.0
21/11/2016,0.0
22/11/2016,0.0
23/11/2016,0.0
24/11/2016,0.0
25/11/2016,0.0
26/11/2016,27.6
27/11/2016,0.0
28/11/2016,0.0
29/11/2016,0.0
30/11/2016,0.0
01/12/2016,0.0
02/12/2016,2.0
03/12/2016,0.0
04/12/2016,0.0
05/12/2016,0.0
06/12/2016,2.7
07/12/2016,13.0
08/12/2016,2.8
09/12/2016,0.0
10/12/2016,0.0
11/12/2016,0.0
12/12/2016,0.0
13/12/2016,2.3
14/12/2016,0.0
15/12/2016,0.0
16/12/2016,0.0
17/12/2016,0.0
18/12/2016,1.9
19/12/2016,0.0
20/12/2016,0.0
21/12/2016,0.0
22/12/2016,41.5
23/12/2016,0.0
24/12/2016,11.3
25/12/2016,0.0
26/12/2016,73.7
27/12/2016,0.0
28/12/2016,0.0
29/12/2016,9.6
30/12/2016,0.0
31/12/2016,0.0
01/01/2017,81.3
02/01/2017,14.1
03/01/2017,8.7
04/01/2017,113.2
05/01/2017,0.0
06/01/2017,0.0
07/01/2017,0.0
08/01/2017,10.5
09/01/2017,36.4
10/01/2017,0.0
11/01/2017,0.0
12/01/2017,0.0
13/01/2017,0.0
14/01/2017,0.0
15/01/2017,37.1
16/01/2017,0.1
17/01/2017,0.0
18/01/2017,0.0
19/01/2017,0.0
20/01/2017,0.0
21/01/2017,0.0
22/01/2017,0.0
23/01/2017,0.0
24/01/2017,0.0
25/01/2017,0.0
26/01/2017,0.0
27/01/2017,0.0
28/01/2017,0.0
29/01/2017,0.0
30/01/2017,0.0
31/01/2017,0.0
01/02/2017,5.0
02/02/2017,0.0
03/02/2017,0.0
04/02/2017,18.0
05/02/2017,0.0
06/02/2017,0.0
07/02/2017,0.0
08/02/2017,0.0
09/02/2017,10.4
10/02/2017,18.3
11/02/2017,23.9
12/02/2017,0.3
13/02/2017,37.5
14/02/2017,0.0
15/02/2017,0.0
16/02/2017,0.0
17/02/2017,0.0
18/02/2017,53.5
19/02/2017,0.0
20/02/2017,0.0
21/02/2017,20.9
22/02/2017,0.0
23/02/2017,0.0
24/02/2017,0.0
25/02/2017,0.0
26/02/2017,0.0
27/02/2017,0.0
28/02/2017,0.0
01/03/2017,0.0
02/03/2017,0.0
03/03/2017,0.0
04/03/2017,0.0
05/03/2017,0.0
06/03/2017,3.3
07/03/2017,0.0
08/03/2017,0.0
09/03/2017,0.2
10/03/2017,0.0
11/03/2017,0.4
12/03/2017,0.0
13/03/2017,0.0
14/03/2017,0.0
15/03/2017,16.4
16/03/2017,0.0
17/03/2017,0.0
18/03/2017,0.0
19/03/2017,0.0
20/03/2017,0.0
21/03/2017,0.0
22/03/2017,5.3
23/03/2017,0.2
24/03/2017,0.0
25/03/2017,0.0
26/03/2017,0.0
27/03/2017,0.0
28/03/2017,0.0
29/03/2017,0.0
30/03/2017,2.4
31/03/2017,0.0
01/04/2017,0.0
02/04/2017,73.4
03/04/2017,0.0
04/04/2017,0.1
05/04/2017,0.0
06/04/2017,0.0
07/04/2017,0.0
08/04/2017,6.8
09/04/2017,14.8
10/04/2017,10.3
11/04/2017,0.0
12/04/2017,0.0
13/04/2017,0.0
14/04/2017,0.0
15/04/2017,0.0
16/04/2017,0.0
17/04/2017,0.0
18/04/2017,3.7
19/04/2017,1.6
20/04/2017,0.0
21/04/2017,0.0
22/04/2017,0.0
23/04/2017,0.0
24/04/2017,0.0
25/04/2017,17.2
26/04/2017,0.0
27/04/2017,0.0
28/04/2017,0.0
29/04/2017,0.0
30/04/2017,0.0
01/05/2017,0.0
02/05/2017,0.0
03/05/2017,0.0
04/05/2017,0.0
05/05/2017,0.0
06/05/2017,0.0
07/05/2017,4.1
08/05/2017,24.1
09/05/2017,0.0
10/05/2017,0.0
11/05/2017,3.9
12/05/2017,3.4
13/05/2017,0.0
14/05/2017,0.0
15/05/2017,0.0
16/05/2017,0.0
17/05/2017,0.0
18/05/2017,0.0
19/05/2017,0.0
20/05/2017,0.0
21/05/2017,0.0
22/05/2017,0.0
23/05/2017,0.0
24/05/2017,0.0
25/05/2017,0.7
26/05/2017,0.0
27/05/2017,0.0
28/05/2017,0.0
29/05/2017,0.0
30/05/2017,1.1
31/05/2017,0.0
01/06/2017,0.0
02/06/2017,0.0
03/06/2017,0.0
04/06/2017,0.0
05/06/2017,0.0
06/06/2017,0.0
07/06/2017,0.0
08/06/2017,4.1
09/06/2017,0.0
10/06/2017,0.0
11/06/2017,0.0
12/06/2017,0.0
13/06/2017,0.0
14/06/2017,0.0
15/06/2017,0.0
16/06/2017,0.0
17/06/2017,0.0
18/06/2017,0.0
19/06/2017,0.0
20/06/2017,0.0
21/06/2017,0.0
22/06/2017,0.0
23/06/2017,0.0
24/06/2017,0.0
25/06/2017,0.0
26/06/2017,0.0
27/06/2017,3.5
28/06/2017,0.0
29/06/2017,0.0
30/06/2017,0.0
01/07/2017,0.0
02/07/2017,0.0
03/07/2017,0.0
04/07/2017,0.0
05/07/2017,0.0
06/07/2017,0.0
07/07/2017,16.8
08/07/2017,0.3
09/07/2017,0.2
10/07/2017,0.1
11/07/2017,0.9
12/07/2017,0.0
13/07/2017,0.0
14/07/2017,0.0
15/07/2017,0.0
16/07/2017,0.0
17/07/2017,0.0
18/07/2017,0.0
19/07/2017,0.0
20/07/2017,0.0
21/07/2017,0.0
22/07/2017,0.0
23/07/2017,0.0
24/07/2017,0.0
25/07/2017,0.0
26/07/2017,0.0
27/07/2017,0.0
28/07/2017,0.0
29/07/2017,0.0
30/07/2017,0.0
31/07/2017,0.0
01/08/2017,0.6
02/08/2017,4.7
03/08/2017,0.0
04/08/2017,0.0
05/08/2017,0.0
06/08/2017,0.0
07/08/2017,3.2
08/08/2017,0.0
09/08/2017,0.0
10/08/2017,35.2
11/08/2017,20.2
12/08/2017,0.0
13/08/2017,0.0
14/08/2017,0.0
15/08/2017,0.0
16/08/2017,0.0
17/08/2017,0.0
18/08/2017,0.0
19/08/2017,0.0
20/08/2017,0.0
21/08/2017,0.0
22/08/2017,0.0
23/08/2017,0.0
24/08/2017,0.0
25/08/2017,0.0
26/08/2017,9.0
27/08/2017,0.0
28/08/2017,0.0
29/08/2017,11.7
30/08/2017,0.0
31/08/2017,0.0
01/09/2017,0.0
02/09/2017,0.0
03/09/2017,0.0
04/09/2017,0.6
05/09/2017,0.0
06/09/2017,0.0
07/09/2017,1.9
08/09/2017,0.0
09/09/2017,2.0
10/09/2017,19.9
11/09/2017,0.0
12/09/2017,0.0
13/09/2017,0.0
14/09/2017,0.0
15/09/2017,2.0
16/09/2017,0.0
17/09/2017,0.0
18/09/2017,0.0
19/09/2017,0.0
20/09/2017,0.0
21/09/2017,19.7
22/09/2017,0.0
23/09/2017,0.0
24/09/2017,0.0
25/09/2017,0.0
26/09/2017,36.6
27/09/2017,11.1
28/09/2017,0.0
29/09/2017,10.0
30/09/2017,0.0
01/10/2017,55.0
02/10/2017,0.0
03/10/2017,0.0
04/10/2017,0.0
05/10/2017,0.0
06/10/2017,0.0
07/10/2017,0.0
08/10/2017,0.0
09/10/2017,0.0
10/10/2017,0.0
11/10/2017,1.1
12/10/2017,1.7
13/10/2017,0.3
14/10/2017,0.0
15/10/2017,0.0
16/10/2017,0.0
17/10/2017,12.8
18/10/2017,21.1
19/10/2017,0.0
20/10/2017,0.0
21/10/2017,10.5
22/10/2017,0.0
23/10/2017,0.0
24/10/2017,0.0
25/10/2017,0.0
26/10/2017,0.0
27/10/2017,36.5
28/10/2017,0.0
29/10/2017,3.5
30/10/2017,4.8
31/10/2017,0.0
01/11/2017,0.0
02/11/2017,40.0
03/11/2017,0.0
04/11/2017,0.0
05/11/2017,0.0
06/11/2017,0.0
07/11/2017,0.9
08/11/2017,0.0
09/11/2017,0.0
10/11/2017,0.0
11/11/2017,0.0
12/11/2017,0.0
13/11/2017,0.0
14/11/2017,0.0
15/11/2017,0.0
16/11/2017,1.7
17/11/2017,0.0
18/11/2017,1.8
19/11/2017,0.0
20/11/2017,1.5
21/11/2017,9.5
22/11/2017,0.0
23/11/2017,0.0
24/11/2017,3.0
25/11/2017,3.2
26/11/2017,0.0
27/11/2017,0.0
28/11/2017,0.0
29/11/2017,0.0
30/11/2017,0.0
01/12/2017,0.2
02/12/2017,0.3
03/12/2017,9.0
04/12/2017,0.0
05/12/2017,0.0
06/12/2017,0.0
07/12/2017,0.0
08/12/2017,0.0
09/12/2017,1.8
10/12/2017,0.0
11/12/2017,0.0
12/12/2017,0.0
13/12/2017,15.5
14/12/2017,6.7
15/12/2017,0.0
16/12/2017,24.5
17/12/2017,0.0
18/12/2017,0.0
19/12/2017,0.0
20/12/2017,0.0
21/12/2017,0.6
22/12/2017,0.0
23/12/2017,16.0
24/12/2017,0.0
25/12/2017,0.0
26/12/2017,0.0
27/12/2017,0.0
28/12/2017,0.0
29/12/2017,0.0
30/12/2017,0.0
31/12/2017,11.2
01/01/2018,0.0
02/01/2018,0.0
03/01/2018,0.0
04/01/2018,0.0
05/01/2018,0.0
06/01/2018,0.0
07/01/2018,0.0
08/01/2018,0.0
09/01/2018,0.0
10/01/2018,0.0
11/01/2018,0.0
12/01/2018,0.0
13/01/2018,9.8
14/01/2018,5.0
15/01/2018,0.0
16/01/2018,0.0
17/01/2018,0.2
18/01/2018,0.0
19/01/2018,0.0
20/01/2018,0.0
21/01/2018,0.0
22/01/2018,0.0
23/01/2018,1.1
24/01/2018,0.0
25/01/2018,0.0
26/01/2018,0.0
27/01/2018,13.6
28/01/2018,0.0
29/01/2018,0.0
30/01/2018,0.0
31/01/2018,0.0
01/02/2018,0.0
02/02/2018,0.0
03/02/2018,0.0
04/02/2018,0.0
05/02/2018,0.0
06/02/2018,0.0
07/02/2018,0.0
08/02/2018,0.5
09/02/2018,5.2
10/02/2018,17.8
11/02/2018,0.0
12/02/2018,0.0
13/02/2018,0.0
14/02/2018,0.0
15/02/2018,0.0
16/02/2018,0.0
17/02/2018,0.4
18/02/2018,0.0
19/02/2018,0.0
20/02/2018,0.0
21/02/2018,0.0
22/02/2018,0.0
23/02/2018,0.0
24/02/2018,0.0
25/02/2018,0.0
26/02/2018,0.0
27/02/2018,0.8
28/02/2018,0.0
01/03/2018,0.0
02/03/2018,1.3
03/03/2018,0.0
04/03/2018,5.5
05/03/2018,0.5
06/03/2018,0.0
07/03/2018,0.0
08/03/2018,0.0
09/03/2018,0.0
10/03/2018,0.0
11/03/2018,0.0
12/03/2018,0.0
13/03/2018,0.0
14/03/2018,0.0
15/03/2018,0.9
16/03/2018,0.0
17/03/2018,0.0
18/03/2018,3.3
19/03/2018,0.0
20/03/2018,0.0
21/03/2018,0.0
22/03/2018,0.0
23/03/2018,0.0
24/03/2018,0.0
25/03/2018,0.0
26/03/2018,0.0
27/03/2018,0.0
28/03/2018,0.0
29/03/2018,0.0
30/03/2018,0.0
31/03/2018,0.0
01/04/2018,0.0
02/04/2018,0.0
03/04/2018,0.0
04/04/2018,0.0
05/04/2018,0.0
06/04/2018,0.0
07/04/2018,29.7
08/04/2018,0.3
09/04/2018,0.0
10/04/2018,0.0
11/04/2018,0.0
12/04/2018,0.0
13/04/2018,19.5
14/04/2018,9.2
15/04/2018,0.0
16/04/2018,0.0
17/04/2018,0.0
18/04/2018,0.0
19/04/2018,0.5
20/04/2018,2.3
21/04/2018,4.8
22/04/2018,0.5
23/04/2018,6.6
24/04/2018,0.0
25/04/2018,0.0
26/04/2018,0.0
27/04/2018,0.0
28/04/2018,0.0
29/04/2018,0.0
30/04/2018,17.5
01/05/2018,1.8
02/05/2018,13.7
03/05/2018,0.1
04/05/2018,16.4
05/05/2018,0.0
06/05/2018,0.4
07/05/2018,0.0
08/05/2018,15.4
09/05/2018,13.1
10/05/2018,30.5
11/05/2018,0.0
12/05/2018,0.0
13/05/2018,0.0
14/05/2018,0.0
15/05/2018,0.0
16/05/2018,0.0
17/05/2018,0.0
18/05/2018,0.0
19/05/2018,0.0
20/05/2018,0.0
21/05/2018,0.0
22/05/2018,0.0
23/05/2018,0.0
24/05/2018,0.0
25/05/2018,0.0
26/05/2018,0.0
27/05/2018,0.0
28/05/2018,0.0
29/05/2018,0.0
30/05/2018,0.0
31/05/2018,1.3
01/06/2018,0.0
02/06/2018,0.0
03/06/2018,0.0
04/06/2018,0.0
05/06/2018,0.0
06/06/2018,0.0
07/06/2018,0.0
08/06/2018,0.0
09/06/2018,0.0
10/06/2018,0.0
11/06/2018,2.3
12/06/2018,1.1
13/06/2018,0.0
14/06/2018,0.0
15/06/2018,0.0
16/06/2018,0.0
17/06/2018,0.0
18/06/2018,0.0
19/06/2018,0.0
20/06/2018,0.0
21/06/2018,0.0
22/06/2018,0.0
23/06/2018,0.0
24/06/2018,0.0
25/06/2018,0.0
26/06/2018,0.0
27/06/2018,0.0
28/06/2018,0.0
29/06/2018,0.0
30/06/2018,0.0
01/07/2018,1.5
02/07/2018,0.0
03/07/2018,0.0
04/07/2018,0.0
05/07/2018,0.0
06/07/2018,0.0
07/07/2018,0.0
08/07/2018,0.0
09/07/2018,0.0
10/07/2018,0.0
11/07/2018,0.0
12/07/2018,0.0
13/07/2018,0.0
14/07/2018,0.0
15/07/2018,0.0
16/07/2018,0.0
17/07/2018,0.0
18/07/2018,0.8
19/07/2018,13.4
20/07/2018,0.0
21/07/2018,0.0
22/07/2018,0.0
23/07/2018,0.0
24/07/2018,0.0
25/07/2018,0.0
26/07/2018,0.0
27/07/2018,0.6
28/07/2018,0.0
29/07/2018,0.0
30/07/2018,0.0
31/07/2018,0.0
01/08/2018,0.0
02/08/2018,0.0
03/08/2018,0.0
04/08/2018,0.0
05/08/2018,0.0
06/08/2018,0.0
07/08/2018,3.3
08/08/2018,0.3
09/08/2018,0.0
10/08/2018,0.0
11/08/2018,0.0
12/08/2018,0.0
13/08/2018,0.0
14/08/2018,0.0
15/08/2018,0.0
16/08/2018,0.0
17/08/2018,0.0
18/08/2018,0.8
19/08/2018,8.4
20/08/2018,0.0
21/08/2018,0.0
22/08/2018,0.0
23/08/2018,0.0
24/08/2018,0.5
25/08/2018,0.0
26/08/2018,0.0
27/08/2018,0.0
28/08/2018,0.0
29/08/2018,0.0
30/08/2018,0.9
31/08/2018,4.6
01/09/2018,8.0
02/09/2018,0.0
03/09/2018,0.0
04/09/2018,0.0
05/09/2018,0.0
06/09/2018,0.0
07/09/2018,0.0
08/09/2018,0.0
09/09/2018,0.0
10/09/2018,0.0
11/09/2018,0.0
12/09/2018,0.0
13/09/2018,10.3
14/09/2018,0.0
15/09/2018,0.0
16/09/2018,0.0
17/09/2018,0.0
18/09/2018,0.0
19/09/2018,0.0
20/09/2018,0.0
21/09/2018,0.0
22/09/2018,0.0
23/09/2018,0.0
24/09/2018,0.0
25/09/2018,0.0
26/09/2018,1.8
27/09/2018,3.7
28/09/2018,0.0
29/09/2018,0.0
30/09/2018,2.7
01/10/2018,0.0
02/10/2018,0.0
03/10/2018,0.0
04/10/2018,0.0
05/10/2018,0.0
06/10/2018,0.0
07/10/2018,0.0
08/10/2018,0.0
09/10/2018,10.0
10/10/2018,0.0
2018-10-11 00:00:00.0,0.1
2018-10-12 00:00:00.0,16.5
2018-10-13 00:00:00.0,0.0
2018-10-14 00:00:00.0,0.0
2018-10-15 00:00:00.0,0.0
2018-10-16 00:00:00.0,0.0
2018-10-17 00:00:00.0,14.5
2018-10-18 00:00:00.0,0.0
2018-10-19 00:00:00.0,0.0
2018-10-20 00:00:00.0,0.0
2018-10-21 00:00:00.0,6.8
2018-10-22 00:00:00.0,2.6
2018-10-23 00:00:00.0,0.8
2018-10-24 00:00:00.0,0.0
2018-10-25 00:00:00.0,0.0
2018-10-26 00:00:00.0,37.0
2018-10-27 00:00:00.0,0.0
2018-10-28 00:00:00.0,0.0
2018-10-29 00:00:00.0,0.0
2018-10-30 00:00:00.0,0.0
2018-10-31 00:00:00.0,0.6
2018-11-01 00:00:00.0,0.0
2018-11-02 00:00:00.0,0.0
2018-11-03 00:00:00.0,0.0
2018-11-04 00:00:00.0,0.0
2018-11-05 00:00:00.0,13.0
2018-11-06 00:00:00.0,0.0
2018-11-07 00:00:00.0,0.0
2018-11-08 00:00:00.0,0.0
2018-11-09 00:00:00.0,0.0
2018-11-10 00:00:00.0,0.0
2018-11-11 00:00:00.0,104.8
2018-11-12 00:00:00.0,87.4
2018-11-13 00:00:00.0,22.5
2018-11-14 00:00:00.0,0.0
2018-11-15 00:00:00.0,0.0
2018-11-16 00:00:00.0,0.0
2018-11-17 00:00:00.0,0.0
2018-11-18 00:00:00.0,0.0
2018-11-19 00:00:00.0,0.0
2018-11-20 00:00:00.0,0.0
2018-11-21 00:00:00.0,0.0
2018-11-22 00:00:00.0,40.9
2018-11-23 00:00:00.0,0.0
2018-11-24 00:00:00.0,0.0
2018-11-25 00:00:00.0,0.0
2018-11-26 00:00:00.0,10.7
2018-11-27 00:00:00.0,16.9
2018-11-28 00:00:00.0,0.0
2018-11-29 00:00:00.0,0.0
2018-11-30 00:00:00.0,1.0
2018-12-01 00:00:00.0,0.0
2018-12-02 00:00:00.0,0.0
2018-12-03 00:00:00.0,0.0
2018-12-04 00:00:00.0,0.0
2018-12-05 00:00:00.0,0.0
2018-12-06 00:00:00.0,0.0
2018-12-07 00:00:00.0,0.0
2018-12-08 00:00:00.0,0.0
2018-12-09 00:00:00.0,0.0
2018-12-10 00:00:00.0,0.0
2018-12-11 00:00:00.0,4.5
2018-12-12 00:00:00.0,8.3
2018-12-13 00:00:00.0,0.0
2018-12-14 00:00:00.0,26.0
2018-12-15 00:00:00.0,0.0
2018-12-16 00:00:00.0,0.0
2018-12-17 00:00:00.0,19.5
2018-12-18 00:00:00.0,0.5
2018-12-19 00:00:00.0,0.0
2018-12-20 00:00:00.0,0.0
2018-12-21 00:00:00.0,1.5
2018-12-22 00:00:00.0,0.0
2018-12-23 00:00:00.0,0.0
2018-12-24 00:00:00.0,0.0
2018-12-25 00:00:00.0,0.0
2018-12-26 00:00:00.0,0.0
2018-12-27 00:00:00.0,4.2
2018-12-28 00:00:00.0,0.3
2018-12-29 00:00:00.0,0.0
2018-12-30 00:00:00.0,13.5
2018-12-31 00:00:00.0,0.0
2019-01-01 00:00:00.0,0.0
2019-01-02 00:00:00.0,2.8
2019-01-03 00:00:00.0,19.9
2019-01-04 00:00:00.0,0.0
2019-01-05 00:00:00.0,0.0
2019-01-06 00:00:00.0,25.0
2019-01-07 00:00:00.0,0.0
2019-01-08 00:00:00.0,0.0
2019-01-09 00:00:00.0,43.5
2019-01-10 00:00:00.0,0.0
2019-01-11 00:00:00.0,0.0
2019-01-12 00:00:00.0,4.8
2019-01-13 00:00:00.0,3.8
2019-01-14 00:00:00.0,3.0
2019-01-15 00:00:00.0,13.4
2019-01-16 00:00:00.0,0.0
2019-01-17 00:00:00.0,7.6
2019-01-18 00:00:00.0,4.5
2019-01-19 00:00:00.0,0.0
2019-01-20 00:00:00.0,0.0
2019-01-21 00:00:00.0,0.0
2019-01-22 00:00:00.0,0.0
2019-01-23 00:00:00.0,3.4
2019-01-24 00:00:00.0,0.0
2019-01-25 00:00:00.0,0.0
2019-01-26 00:00:00.0,46.0
2019-01-27 00:00:00.0,0.0
2019-01-28 00:00:00.0,0.0
2019-01-29 00:00:00.0,0.0
2019-01-30 00:00:00.0,0.0
2019-01-31 00:00:00.0,16.3
2019-02-01 00:00:00.0,4.8
2019-02-02 00:00:00.0,0.0
2019-02-03 00:00:00.0,0.0
2019-02-04 00:00:00.0,0.0
2019-02-05 00:00:00.0,0.0
2019-02-06 00:00:00.0,0.0
2019-02-07 00:00:00.0,0.0
2019-02-08 00:00:00.0,0.0
2019-02-09 00:00:00.0,0.0
2019-02-10 00:00:00.0,0.0
2019-02-11 00:00:00.0,28.0
2019-02-12 00:00:00.0,0.0
2019-02-13 00:00:00.0,0.0
2019-02-14 00:00:00.0,0.0
2019-02-15 00:00:00.0,0.0
2019-02-16 00:00:00.0,0.0
2019-02-17 00:00:00.0,0.0
2019-02-18 00:00:00.0,0.0
2019-02-19 00:00:00.0,0.0
2019-02-20 00:00:00.0,0.0
2019-02-21 00:00:00.0,0.0
2019-02-22 00:00:00.0,0.0
2019-02-23 00:00:00.0,0.0
2019-02-24 00:00:00.0,20.0
2019-02-25 00:00:00.0,0.0
2019-02-26 00:00:00.0,0.0
2019-02-27 00:00:00.0,0.0
2019-02-28 00:00:00.0,0.0
2019-03-01 00:00:00.0,0.0
2019-03-02 00:00:00.0,0.0
2019-03-03 00:00:00.0,0.0
2019-03-04 00:00:00.0,49.7
2019-03-05 00:00:00.0,1.0
2019-03-06 00:00:00.0,0.0
2019-03-07 00:00:00.0,3.8
2019-03-08 00:00:00.0,1.7
2019-03-09 00:00:00.0,0.0
2019-03-10 00:00:00.0,0.0
2019-03-11 00:00:00.0,0.0
2019-03-12 00:00:00.0,0.0
2019-03-13 00:00:00.0,0.0
2019-03-14 00:00:00.0,0.0
2019-03-15 00:00:00.0,0.3
2019-03-16 00:00:00.0,0.0
2019-03-17 00:00:00.0,0.0
2019-03-18 00:00:00.0,0.0
2019-03-19 00:00:00.0,0.0
2019-03-20 00:00:00.0,0.0
2019-03-21 00:00:00.0,0.0
2019-03-22 00:00:00.0,0.0
2019-03-23 00:00:00.0,0.0
2019-03-24 00:00:00.0,0.0
2019-03-25 00:00:00.0,0.5
2019-03-26 00:00:00.0,2.5
2019-03-27 00:00:00.0,0.0
2019-03-28 00:00:00.0,0.0
2019-03-29 00:00:00.0,0.0
2019-03-30 00:00:00.0,0.0
2019-03-31 00:00:00.0,0.0
2019-04-01 00:00:00.0,34.7
2019-04-02 00:00:00.0,0.0
2019-04-03 00:00:00.0,0.0
2019-04-04 00:00:00.0,0.0
2019-04-05 00:00:00.0,0.0
2019-04-06 00:00:00.0,0.0
2019-04-07 00:00:00.0,0.0
2019-04-08 00:00:00.0,0.0
2019-04-09 00:00:00.0,0.0
2019-04-10 00:00:00.0,0.0
2019-04-11 00:00:00.0,0.0
2019-04-12 00:00:00.0,0.0
2019-04-13 00:00:00.0,0.0
2019-04-14 00:00:00.0,0.0
2019-04-15 00:00:00.0,22.2
2019-04-16 00:00:00.0,0.0
2019-04-17 00:00:00.0,0.0
2019-04-18 00:00:00.0,0.0
2019-04-19 00:00:00.0,0.0
2019-04-20 00:00:00.0,0.0
2019-04-21 00:00:00.0,0.0
2019-04-22 00:00:00.0,0.0
2019-04-23 00:00:00.0,0.0
2019-04-24 00:00:00.0,40.2
2019-04-25 00:00:00.0,16.3
2019-04-26 00:00:00.0,3.6
2019-04-27 00:00:00.0,0.0
2019-04-28 00:00:00.0,0.0
2019-04-29 00:00:00.0,0.0
2019-04-30 00:00:00.0,0.0
2019-05-01 00:00:00.0,0.0
2019-05-02 00:00:00.0,0.0
2019-05-03 00:00:00.0,0.0
2019-05-04 00:00:00.0,0.0
2019-05-05 00:00:00.0,51.3
2019-05-06 00:00:00.0,0.0
2019-05-07 00:00:00.0,10.2
2019-05-08 00:00:00.0,0.0
2019-05-09 00:00:00.0,1.5
2019-05-10 00:00:00.0,0.0
2019-05-11 00:00:00.0,0.0
2019-05-12 00:00:00.0,0.0
2019-05-13 00:00:00.0,0.0
2019-05-14 00:00:00.0,0.0
2019-05-15 00:00:00.0,0.0
2019-05-16 00:00:00.0,0.0
2019-05-17 00:00:00.0,0.0
2019-05-18 00:00:00.0,4.5
2019-05-19 00:00:00.0,0.0
2019-05-20 00:00:00.0,0.0
2019-05-21 00:00:00.0,0.7
2019-05-22 00:00:00.0,0.0
2019-05-23 00:00:00.0,0.0
2019-05-24 00:00:00.0,0.0
2019-05-25 00:00:00.0,0.0
2019-05-26 00:00:00.0,0.0
2019-05-27 00:00:00.0,0.0
2019-05-28 00:00:00.0,0.0
2019-05-29 00:00:00.0,1.1
2019-05-30 00:00:00.0,1.3
2019-05-31 00:00:00.0,0.0
2019-06-01 00:00:00.0,2.1
2019-06-02 00:00:00.0,0.0
2019-06-03 00:00:00.0,0.0
2019-06-04 00:00:00.0,0.0
2019-06-05 00:00:00.0,0.0
2019-06-06 00:00:00.0,0.0
2019-06-07 00:00:00.0,0.0
2019-06-08 00:00:00.0,0.0
2019-06-09 00:00:00.0,0.0
2019-06-10 00:00:00.0,0.0
2019-06-11 00:00:00.0,0.1
2019-06-12 00:00:00.0,0.0
2019-06-13 00:00:00.0,0.0
2019-06-14 00:00:00.0,0.0
2019-06-15 00:00:00.0,12.8
2019-06-16 00:00:00.0,1.5
2019-06-17 00:00:00.0,1.6
2019-06-18 00:00:00.0,1.8
2019-06-19 00:00:00.0,0.0
2019-06-20 00:00:00.0,0.0
2019-06-21 00:00:00.0,0.0
2019-06-22 00:00:00.0,0.0
2019-06-23 00:00:00.0,0.0
2019-06-24 00:00:00.0,0.0
2019-06-25 00:00:00.0,0.0
2019-06-26 00:00:00.0,0.0
2019-06-27 00:00:00.0,0.0
2019-06-28 00:00:00.0,0.0
2019-06-29 00:00:00.0,0.0
2019-06-30 00:00:00.0,0.0
2019-07-01 00:00:00.0,0.0
2019-07-02 00:00:00.0,0.0
2019-07-03 00:00:00.0,0.0
2019-07-04 00:00:00.0,0.0
2019-07-05 00:00:00.0,0.0
2019-07-06 00:00:00.0,0.0
2019-07-07 00:00:00.0,0.0
2019-07-08 00:00:00.0,0.0
2019-07-09 00:00:00.0,0.0
2019-07-10 00:00:00.0,0.0
2019-07-11 00:00:00.0,0.0
2019-07-12 00:00:00.0,0.0
2019-07-13 00:00:00.0,0.0
2019-07-14 00:00:00.0,0.0
2019-07-15 00:00:00.0,0.0
2019-07-16 00:00:00.0,0.0
2019-07-17 00:00:00.0,0.0
2019-07-18 00:00:00.0,0.0
2019-07-19 00:00:00.0,0.0
2019-07-20 00:00:00.0,0.0
2019-07-21 00:00:00.0,0.0
2019-07-22 00:00:00.0,0.0
2019-07-23 00:00:00.0,0.2
2019-07-24 00:00:00.0,2.8
2019-07-25 00:00:00.0,34.7
2019-07-26 00:00:00.0,0.0
2019-07-27 00:00:00.0,0.0
2019-07-28 00:00:00.0,0.6
2019-07-29 00:00:00.0,0.0
2019-07-30 00:00:00.0,0.0
2019-07-31 00:00:00.0,0.0
2019-08-01 00:00:00.0,0.0
2019-08-02 00:00:00.0,0.0
2019-08-03 00:00:00.0,0.0
2019-08-04 00:00:00.0,0.0
2019-08-05 00:00:00.0,0.0
2019-08-06 00:00:00.0,0.0
2019-08-07 00:00:00.0,0.0
2019-08-08 00:00:00.0,0.0
2019-08-09 00:00:00.0,2.8
2019-08-10 00:00:00.0,0.0
2019-08-11 00:00:00.0,0.0
2019-08-12 00:00:00.0,0.0
2019-08-13 00:00:00.0,0.0
2019-08-14 00:00:00.0,0.0
2019-08-15 00:00:00.0,0.0
2019-08-16 00:00:00.0,0.0
2019-08-17 00:00:00.0,0.0
2019-08-18 00:00:00.0,0.0
2019-08-19 00:00:00.0,0.0
2019-08-20 00:00:00.0,0.0
2019-08-21 00:00:00.0,0.0
2019-08-22 00:00:00.0,0.0
2019-08-23 00:00:00.0,0.0
2019-08-24 00:00:00.0,0.0
2019-08-25 00:00:00.0,2.3
2019-08-26 00:00:00.0,0.0
2019-08-27 00:00:00.0,0.0
2019-08-28 00:00:00.0,0.0
2019-08-29 00:00:00.0,0.0
2019-08-30 00:00:00.0,4.2
2019-08-31 00:00:00.0,0.0
2019-09-01 00:00:00.0,0.0
2019-09-02 00:00:00.0,0.0
2019-09-03 00:00:00.0,0.0
2019-09-04 00:00:00.0,0.0
2019-09-05 00:00:00.0,0.0
2019-09-06 00:00:00.0,0.0
2019-09-07 00:00:00.0,0.0
2019-09-08 00:00:00.0,0.0
2019-09-09 00:00:00.0,64.7
2019-09-10 00:00:00.0,0.0
2019-09-11 00:00:00.0,0.0
2019-09-12 00:00:00.0,0.0
2019-09-13 00:00:00.0,0.0
2019-09-14 00:00:00.0,0.0
2019-09-15 00:00:00.0,0.0
2019-09-16 00:00:00.0,0.0
2019-09-17 00:00:00.0,0.0
2019-09-18 00:00:00.0,0.0
2019-09-19 00:00:00.0,0.0
2019-09-20 00:00:00.0,0.0
2019-09-21 00:00:00.0,0.0
2019-09-22 00:00:00.0,0.0
2019-09-23 00:00:00.0,0.0
2019-09-24 00:00:00.0,0.0
2019-09-25 00:00:00.0,0.0
2019-09-26 00:00:00.0,0.0
2019-09-27 00:00:00.0,0.0
2019-09-28 00:00:00.0,0.0
2019-09-29 00:00:00.0,0.0
2019-09-30 00:00:00.0,0.0
2019-10-01 00:00:00.0,0.0
2019-10-02 00:00:00.0,0.0
2019-10-03 00:00:00.0,4.8
2019-10-04 00:00:00.0,6.9
2019-10-05 00:00:00.0,0.0
2019-10-06 00:00:00.0,0.0
2019-10-07 00:00:00.0,0.0
2019-10-08 00:00:00.0,0.0
2019-10-09 00:00:00.0,0.0
2019-10-10 00:00:00.0,0.0
2019-10-11 00:00:00.0,0.0
2019-10-12 00:00:00.0,0.0
2019-10-13 00:00:00.0,9.1
2019-10-14 00:00:00.0,3.0
2019-10-15 00:00:00.0,2.0
2019-10-16 00:00:00.0,0.8
2019-10-17 00:00:00.0,2.5
2019-10-18 00:00:00.0,0.0
2019-10-19 00:00:00.0,0.0
2019-10-20 00:00:00.0,1.7
2019-10-21 00:00:00.0,0.0
2019-10-22 00:00:00.0,0.0
2019-10-23 00:00:00.0,0.0
2019-10-24 00:00:00.0,0.0
2019-10-25 00:00:00.0,0.0
2019-10-26 00:00:00.0,0.0
2019-10-27 00:00:00.0,0.0
2019-10-28 00:00:00.0,0.0
2019-10-29 00:00:00.0,1.6
2019-10-30 00:00:00.0,0.3
2019-10-31 00:00:00.0,0.0
2019-11-01 00:00:00.0,0.0
2019-11-02 00:00:00.0,45.0
2019-11-03 00:00:00.0,2.5
2019-11-04 00:00:00.0,16.6
2019-11-05 00:00:00.0,0.3
2019-11-06 00:00:00.0,0.0
2019-11-07 00:00:00.0,0.0
2019-11-08 00:00:00.0,0.0
2019-11-09 00:00:00.0,0.0
2019-11-10 00:00:00.0,0.0
2019-11-11 00:00:00.0,0.0
2019-11-12 00:00:00.0,6.8
2019-11-13 00:00:00.0,0.0
2019-11-14 00:00:00.0,0.0
2019-11-15 00:00:00.0,0.0
2019-11-16 00:00:00.0,0.0
2019-11-17 00:00:00.0,0.0
2019-11-18 00:00:00.0,0.0
2019-11-19 00:00:00.0,0.5
2019-11-20 00:00:00.0,1.3
2019-11-21 00:00:00.0,6.5
2019-11-22 00:00:00.0,0.0
2019-11-23 00:00:00.0,0.0
2019-11-24 00:00:00.0,0.0
2019-11-25 00:00:00.0,19.0
2019-11-26 00:00:00.0,0.0
2019-11-27 00:00:00.0,0.0
2019-11-28 00:00:00.0,0.0
2019-11-29 00:00:00.0,0.0
2019-11-30 00:00:00.0,12.0
2019-12-01 00:00:00.0,0.0
2019-12-02 00:00:00.0,0.0
2019-12-03 00:00:00.0,4.2
2019-12-04 00:00:00.0,1.4
2019-12-05 00:00:00.0,0.0
2019-12-06 00:00:00.0,0.0
2019-12-07 00:00:00.0,0.0
2019-12-08 00:00:00.0,0.0
2019-12-09 00:00:00.0,0.0
2019-12-10 00:00:00.0,0.0
2019-12-11 00:00:00.0,0.0
2019-12-12 00:00:00.0,7.8
2019-12-13 00:00:00.0,0.0
2019-12-14 00:00:00.0,28.0
2019-12-15 00:00:00.0,45.6
2019-12-16 00:00:00.0,0.0
2019-12-17 00:00:00.0,0.0
2019-12-18 00:00:00.0,0.0
2019-12-19 00:00:00.0,0.0
2019-12-20 00:00:00.0,35.0
2019-12-21 00:00:00.0,0.0
2019-12-22 00:00:00.0,0.0
2019-12-23 00:00:00.0,0.0
2019-12-24 00:00:00.0,0.0
2019-12-25 00:00:00.0,0.0
2019-12-26 00:00:00.0,0.0
2019-12-27 00:00:00.0,0.0
2019-12-28 00:00:00.0,0.0
2019-12-29 00:00:00.0,21.4
2019-12-30 00:00:00.0,0.0
2019-12-31 00:00:00.0,0.0
2020-01-01 00:00:00.0,0.0
2020-01-02 00:00:00.0,0.0
2020-01-03 00:00:00.0,0.0
2020-01-04 00:00:00.0,0.0
2020-01-05 00:00:00.0,0.0
2020-01-06 00:00:00.0,0.0
2020-01-07 00:00:00.0,0.0
2020-01-08 00:00:00.0,0.0
2020-01-09 00:00:00.0,0.0
2020-01-10 00:00:00.0,33.3
2020-01-11 00:00:00.0,0.0
2020-01-12 00:00:00.0,0.0
2020-01-13 00:00:00.0,0.0
2020-01-14 00:00:00.0,0.0
2020-01-15 00:00:00.0,0.0
2020-01-16 00:00:00.0,0.0
2020-01-17 00:00:00.0,0.0
2020-01-18 00:00:00.0,0.0
2020-01-19 00:00:00.0,0.0
2020-01-20 00:00:00.0,84.7
2020-01-21 00:00:00.0,0.0
2020-01-22 00:00:00.0,0.0
2020-01-23 00:00:00.0,0.0
2020-01-24 00:00:00.0,0.0
2020-01-25 00:00:00.0,0.0
2020-01-26 00:00:00.0,0.0
2020-01-27 00:00:00.0,0.0
2020-01-28 00:00:00.0,0.0
2020-01-29 00:00:00.0,9.5
2020-01-30 00:00:00.0,0.5
2020-01-31 00:00:00.0,0.0
2020-02-01 00:00:00.0,0.0
2020-02-19 00:00:00.0,0.0
2020-02-20 00:00:00.0,0.0
2020-02-21 00:00:00.0,0.0
2020-02-22 00:00:00.0,0.0
2020-02-23 00:00:00.0,0.0
2020-02-24 00:00:00.0,0.0
2020-02-25 00:00:00.0,4.0
2020-02-26 00:00:00.0,0.0
2020-02-27 00:00:00.0,0.0
2020-02-28 00:00:00.0,0.0
2020-02-29 00:00:00.0,0.0
2020-03-01 00:00:00.0,0.0
2020-03-02 00:00:00.0,0.0
2020-03-03 00:00:00.0,0.0
2020-03-04 00:00:00.0,0.0
2020-03-05 00:00:00.0,0.0
2020-03-06 00:00:00.0,0.0
2020-03-07 00:00:00.0,0.0
2020-03-08 00:00:00.0,0.0
2020-03-09 00:00:00.0,0.0
2020-03-10 00:00:00.0,0.0
2020-03-11 00:00:00.0,0.0
2020-03-12 00:00:00.0,0.0
2020-03-13 00:00:00.0,0.2
2020-03-14 00:00:00.0,10.5
2020-03-15 00:00:00.0,9.0
2020-03-16 00:00:00.0,0.0
2020-03-17 00:00:00.0,83.5
2020-03-18 00:00:00.0,0.0
2020-03-19 00:00:00.0,0.0
2020-03-20 00:00:00.0,0.0
2020-03-21 00:00:00.0,0.0
2020-03-22 00:00:00.0,0.0
2020-03-23 00:00:00.0,0.0
2020-03-24 00:00:00.0,0.0
2020-03-25 00:00:00.0,0.0
2020-03-26 00:00:00.0,0.0
2020-03-27 00:00:00.0,25.7
2020-03-28 00:00:00.0,0.0
2020-03-29 00:00:00.0,0.0
2020-03-30 00:00:00.0,0.0
2020-03-31 00:00:00.0,1.0
2020-04-01 00:00:00.0,4.5
2020-04-02 00:00:00.0,0.0
2020-04-03 00:00:00.0,0.0
2020-04-04 00:00:00.0,0.0
2020-04-05 00:00:00.0,0.0
2020-04-06 00:00:00.0,0.0
2020-04-07 00:00:00.0,0.0
2020-04-08 00:00:00.0,0.0
2020-04-09 00:00:00.0,0.0
2020-04-10 00:00:00.0,0.0
2020-04-11 00:00:00.0,0.0
2020-04-12 00:00:00.0,0.0
2020-04-13 00:00:00.0,10.5
2020-04-14 00:00:00.0,0.0
2020-04-15 00:00:00.0,0.0
2020-04-16 00:00:00.0,0.0
2020-04-17 00:00:00.0,0.0
2020-04-18 00:00:00.0,0.0
2020-04-19 00:00:00.0,0.0
2020-04-20 00:00:00.0,0.0
2020-04-21 00:00:00.0,0.0
2020-04-22 00:00:00.0,0.0
2020-04-23 00:00:00.0,0.0
2020-04-24 00:00:00.0,0.0
2020-04-25 00:00:00.0,12.0
2020-04-26 00:00:00.0,2.5
2020-04-27 00:00:00.0,15.7
2020-04-28 00:00:00.0,1.8
2020-04-29 00:00:00.0,0.0
2020-04-30 00:00:00.0,0.0
2020-05-01 00:00:00.0,0.0
2020-05-02 00:00:00.0,0.0
2020-05-03 00:00:00.0,0.0
2020-05-04 00:00:00.0,0.0
2020-05-05 00:00:00.0,0.0
2020-05-06 00:00:00.0,0.0
2020-05-07 00:00:00.0,0.0
2020-05-08 00:00:00.0,0.0
2020-05-09 00:00:00.0,0.0
2020-05-10 00:00:00.0,0.0
2020-05-11 00:00:00.0,0.0
2020-05-12 00:00:00.0,0.0
2020-05-13 00:00:00.0,0.0
2020-05-14 00:00:00.0,0.0
2020-05-15 00:00:00.0,0.0
2020-05-16 00:00:00.0,0.0
2020-05-17 00:00:00.0,0.0
2020-05-18 00:00:00.0,0.0
2020-05-19 00:00:00.0,0.0
2020-05-20 00:00:00.0,1.2
2020-05-21 00:00:00.0,2.5
2020-05-22 00:00:00.0,12.0
2020-05-23 00:00:00.0,0.0
2020-05-24 00:00:00.0,0.0
2020-05-25 00:00:00.0,0.0
2020-05-26 00:00:00.0,0.0
2020-05-27 00:00:00.0,0.0
2020-05-28 00:00:00.0,0.0
2020-05-29 00:00:00.0,0.0
2020-05-30 00:00:00.0,0.0
2020-05-31 00:00:00.0,0.0
2020-06-01 00:00:00.0,0.0
2020-06-02 00:00:00.0,0.0
2020-06-03 00:00:00.0,0.0
2020-06-04 00:00:00.0,0.0
2020-06-05 00:00:00.0,7.6
2020-06-06 00:00:00.0,0.0
2020-06-07 00:00:00.0,0.0
2020-06-08 00:00:00.0,0.0
2020-06-09 00:00:00.0,0.0
2020-06-10 00:00:00.0,0.0
2020-06-11 00:00:00.0,0.0
2020-06-12 00:00:00.0,0.0
2020-06-13 00:00:00.0,0.0
2020-06-14 00:00:00.0,0.0
2020-06-15 00:00:00.0,0.0
2020-06-16 00:00:00.0,0.0
2020-06-17 00:00:00.0,3.0
2020-06-18 00:00:00.0,0.0
2020-06-19 00:00:00.0,0.0
2020-06-20 00:00:00.0,0.0
2020-06-21 00:00:00.0,0.0
2020-06-22 00:00:00.0,0.0
2020-06-23 00:00:00.0,0.0
2020-06-24 00:00:00.0,0.0
2020-06-25 00:00:00.0,0.0
2020-06-26 00:00:00.0,0.0
2020-06-27 00:00:00.0,0.0
2020-06-28 00:00:00.0,0.0
2020-06-29 00:00:00.0,0.0
2020-06-30 00:00:00.0,0.0
2020-07-01 00:00:00.0,0.0
2020-07-02 00:00:00.0,0.0
2020-07-03 00:00:00.0,0.0
2020-07-04 00:00:00.0,0.0
2020-07-05 00:00:00.0,0.0
2020-07-06 00:00:00.0,0.0
2020-07-07 00:00:00.0,0.0
2020-07-08 00:00:00.0,0.0
2020-07-09 00:00:00.0,0.0
2020-07-10 00:00:00.0,0.0
2020-07-11 00:00:00.0,0.0
2020-07-12 00:00:00.0,0.0
2020-07-13 00:00:00.0,0.0
2020-07-14 00:00:00.0,0.0
2020-07-15 00:00:00.0,0.0
2020-07-16 00:00:00.0,0.0
2020-07-17 00:00:00.0,0.0
2020-07-18 00:00:00.0,0.0
2020-07-19 00:00:00.0,0.0
2020-07-20 00:00:00.0,0.0
2020-07-21 00:00:00.0,0.0
2020-07-22 00:00:00.0,0.0
2020-07-23 00:00:00.0,2.3
2020-07-24 00:00:00.0,0.0
2020-07-25 00:00:00.0,0.0
2020-07-26 00:00:00.0,0.0
2020-07-27 00:00:00.0,0.0
2020-07-28 00:00:00.0,0.0
2020-07-29 00:00:00.0,0.0
2020-07-30 00:00:00.0,0.0
2020-07-31 00:00:00.0,0.0
2020-08-01 00:00:00.0,0.0
2020-08-02 00:00:00.0,0.0
2020-08-03 00:00:00.0,0.0
2020-08-04 00:00:00.0,0.0
2020-08-05 00:00:00.0,0.0
2020-08-06 00:00:00.0,0.0
2020-08-07 00:00:00.0,0.0
2020-08-08 00:00:00.0,0.0
2020-08-09 00:00:00.0,0.0
2020-08-10 00:00:00.0,0.0
2020-08-11 00:00:00.0,0.0
2020-08-12 00:00:00.0,0.0
2020-08-13 00:00:00.0,0.0
2020-08-14 00:00:00.0,0.0
2020-08-15 00:00:00.0,0.0
2020-08-16 00:00:00.0,0.0
2020-08-17 00:00:00.0,0.0
2020-08-18 00:00:00.0,0.0
2020-08-19 00:00:00.0,0.0
2020-08-20 00:00:00.0,0.0
2020-08-21 00:00:00.0,0.0
2020-08-22 00:00:00.0,0.0
2020-08-23 00:00:00.0,0.0
2020-08-24 00:00:00.0,0.0
2020-08-25 00:00:00.0,0.0
2020-08-26 00:00:00.0,0.0
2020-08-27 00:00:00.0,0.0
2020-08-28 00:00:00.0,0.0
2020-08-29 00:00:00.0,0.0
2020-08-30 00:00:00.0,0.0
2020-08-31 00:00:00.0,0.0
2020-09-01 00:00:00.0,9.5
2020-09-02 00:00:00.0,7.7
2020-09-03 00:00:00.0,0.0
2020-09-04 00:00:00.0,0.0
2020-09-05 00:00:00.0,0.0
2020-09-06 00:00:00.0,0.0
2020-09-07 00:00:00.0,0.0
2020-09-08 00:00:00.0,0.0
2020-09-09 00:00:00.0,0.0
2020-09-10 00:00:00.0,0.0
2020-09-11 00:00:00.0,0.0
2020-09-12 00:00:00.0,0.0
2020-09-13 00:00:00.0,0.0
2020-09-14 00:00:00.0,0.0
2020-09-15 00:00:00.0,0.0
2020-09-16 00:00:00.0,0.0
2020-09-17 00:00:00.0,0.0
2020-09-18 00:00:00.0,0.0
2020-09-19 00:00:00.0,0.0
2020-09-20 00:00:00.0,0.0
2020-09-21 00:00:00.0,0.0
2020-09-22 00:00:00.0,0.0
2020-09-23 00:00:00.0,0.0
2020-09-24 00:00:00.0,0.0
2020-09-25 00:00:00.0,0.0
2020-09-26 00:00:00.0,0.0
2020-09-27 00:00:00.0,1.7
2020-09-28 00:00:00.0,0.0
2020-09-29 00:00:00.0,0.0
2020-09-30 00:00:00.0,0.0
2020-10-01 00:00:00.0,0.0
2020-10-02 00:00:00.0,0.0
2020-10-03 00:00:00.0,0.0
2020-10-04 00:00:00.0,0.0
2020-10-05 00:00:00.0,0.0
2020-10-06 00:00:00.0,0.0
2020-10-07 00:00:00.0,0.0
2020-10-08 00:00:00.0,0.0
2020-10-09 00:00:00.0,0.0
2020-10-10 00:00:00.0,0.0
2020-10-11 00:00:00.0,0.0
2020-10-12 00:00:00.0,0.0
2020-10-13 00:00:00.0,0.0
2020-10-14 00:00:00.0,1.9
2020-10-15 00:00:00.0,0.0
2020-10-16 00:00:00.0,0.0
2020-10-17 00:00:00.0,0.0
2020-10-18 00:00:00.0,0.0
2020-10-19 00:00:00.0,1.0
2020-10-20 00:00:00.0,15.0
2020-10-21 00:00:00.0,0.5
2020-10-22 00:00:00.0,0.0
2020-10-23 00:00:00.0,0.0
2020-10-24 00:00:00.0,0.0
2020-10-25 00:00:00.0,29.2
2020-10-26 00:00:00.0,0.0
2020-10-27 00:00:00.0,0.0
2020-10-28 00:00:00.0,0.0
2020-10-29 00:00:00.0,0.0
2020-10-30 00:00:00.0,0.0
2020-10-31 00:00:00.0,0.0
2020-11-01 00:00:00.0,0.0
2020-11-02 00:00:00.0,0.0
2020-11-03 00:00:00.0,0.0
2020-11-04 00:00:00.0,0.0
2020-11-05 00:00:00.0,0.0
2020-11-06 00:00:00.0,0.0
2020-11-07 00:00:00.0,0.0
2020-11-08 00:00:00.0,0.0
2020-11-09 00:00:00.0,0.0
2020-11-10 00:00:00.0,0.0
2020-11-11 00:00:00.0,0.0
2020-11-12 00:00:00.0,0.0
2020-11-13 00:00:00.0,0.0
2020-11-14 00:00:00.0,39.5
2020-11-15 00:00:00.0,0.0
2020-11-16 00:00:00.0,0.0
2020-11-17 00:00:00.0,0.0
2020-11-18 00:00:00.0,1.5
2020-11-19 00:00:00.0,0.0
2020-11-20 00:00:00.0,0.0
2020-11-21 00:00:00.0,0.0
2020-11-22 00:00:00.0,0.0
2020-11-23 00:00:00.0,3.0
2020-11-24 00:00:00.0,5.9
2020-11-25 00:00:00.0,0.0
2020-11-26 00:00:00.0,0.0
2020-11-27 00:00:00.0,0.0
2020-11-28 00:00:00.0,49.7
2020-11-29 00:00:00.0,9.3
2020-11-30 00:00:00.0,0.0
2020-12-01 00:00:00.0,0.0
2020-12-02 00:00:00.0,12.2
2020-12-03 00:00:00.0,0.0
2020-12-04 00:00:00.0,0.0
2020-12-05 00:00:00.0,0.0
2020-12-06 00:00:00.0,0.0
2020-12-07 00:00:00.0,0.0
2020-12-08 00:00:00.0,0.0
2020-12-09 00:00:00.0,0.0
2020-12-10 00:00:00.0,0.0
2020-12-11 00:00:00.0,0.0
2020-12-12 00:00:00.0,0.0
2020-12-13 00:00:00.0,0.9
2020-12-14 00:00:00.0,0.0
2020-12-15 00:00:00.0,0.0
2020-12-16 00:00:00.0,0.0
2020-12-17 00:00:00.0,0.0
2020-12-18 00:00:00.0,0.0
2020-12-19 00:00:00.0,14.3
2020-12-20 00:00:00.0,7.7
2020-12-21 00:00:00.0,0.0
2020-12-22 00:00:00.0,0.0
2020-12-23 00:00:00.0,0.0
2020-12-24 00:00:00.0,0.0
2020-12-25 00:00:00.0,0.0
2020-12-26 00:00:00.0,0.0
2020-12-27 00:00:00.0,0.0
2020-12-28 00:00:00.0,0.7
2020-12-29 00:00:00.0,0.0
2020-12-30 00:00:00.0,13.5
2020-12-31 00:00:00.0,0.0
