Fecha,Estación Sauce Viejo Aero
01/01/2008,0
01/02/2008,0
01/03/2008,0
01/04/2008,0
01/05/2008,0
01/06/2008,3
01/07/2008,0
01/08/2008,0
01/09/2008,0
01/10/2008,4
01/11/2008,0
01/12/2008,0
1/13/2008,0
1/14/2008,0
1/15/2008,20
1/16/2008,3
1/17/2008,42
1/18/2008,7
1/19/2008,0
1/20/2008,0
1/21/2008,0
1/22/2008,0
1/23/2008,0
1/24/2008,0
1/25/2008,0
1/26/2008,9
1/27/2008,8
1/28/2008,1
1/29/2008,5
1/30/2008,0
1/31/2008,3
02/01/2008,0
02/02/2008,0
02/03/2008,0
02/04/2008,0
02/05/2008,0
02/06/2008,0
02/07/2008,17
02/08/2008,0.8
02/09/2008,0
02/10/2008,0
02/11/2008,0
02/12/2008,0
2/13/2008,0
2/14/2008,0
2/15/2008,0
2/16/2008,0
2/17/2008,0
2/18/2008,23
2/19/2008,0
2/20/2008,0.4
2/21/2008,2.7
2/22/2008,2
2/23/2008,0
2/24/2008,0
2/25/2008,0
2/26/2008,0
2/27/2008,43
2/28/2008,0
2/29/2008,0
03/01/2008,0.5
03/02/2008,0
03/03/2008,0.5
03/04/2008,0
03/05/2008,0
03/06/2008,0
03/07/2008,0
03/08/2008,11
03/09/2008,3
03/10/2008,0
03/11/2008,0
03/12/2008,0
3/13/2008,0
3/14/2008,0
3/15/2008,0
3/16/2008,0
3/17/2008,0
3/18/2008,0
3/19/2008,2.3
3/20/2008,0
3/21/2008,15.3
3/22/2008,2.3
3/23/2008,0
3/24/2008,0
3/25/2008,0
3/26/2008,2.2
3/27/2008,0
3/28/2008,0
3/29/2008,0.3
3/30/2008,0
3/31/2008,0
04/01/2008,0
04/02/2008,0
04/03/2008,0
04/04/2008,0
04/05/2008,0
04/06/2008,0
04/07/2008,0
04/08/2008,0
04/09/2008,0
04/10/2008,0
04/11/2008,0
04/12/2008,0
4/13/2008,0
4/14/2008,0
4/15/2008,0
4/16/2008,0
4/17/2008,0
4/18/2008,0
4/19/2008,0
4/20/2008,0
4/21/2008,0
4/22/2008,0
4/23/2008,0
4/24/2008,0
4/25/2008,49.3
4/26/2008,0.8
4/27/2008,0
4/28/2008,0
4/29/2008,0
4/30/2008,10
05/01/2008,2
05/02/2008,0
05/03/2008,0
05/04/2008,0
05/05/2008,0
05/06/2008,0
05/07/2008,0
05/08/2008,0
05/09/2008,0
05/10/2008,0
05/11/2008,0
05/12/2008,0
5/13/2008,0
5/14/2008,0
5/15/2008,0
5/16/2008,0
5/17/2008,0
5/18/2008,0
5/19/2008,0
5/20/2008,0
5/21/2008,0
5/22/2008,0
5/23/2008,20.5
5/24/2008,0
5/25/2008,0
5/26/2008,0
5/27/2008,0
5/28/2008,0
5/29/2008,0
5/30/2008,0
5/31/2008,0
06/01/2008,0
06/02/2008,0
06/03/2008,0
06/04/2008,0.3
06/05/2008,0
06/06/2008,0
06/07/2008,0
06/08/2008,2
06/09/2008,0
06/10/2008,0
06/11/2008,0
06/12/2008,0
6/13/2008,0
6/14/2008,0
6/15/2008,0
6/16/2008,0
6/17/2008,0
6/18/2008,0
6/19/2008,0.3
6/20/2008,0
6/21/2008,0.6
6/22/2008,0
6/23/2008,0
6/24/2008,0
6/25/2008,0
6/26/2008,0
6/27/2008,0
6/28/2008,0
6/29/2008,0
6/30/2008,0
07/01/2008,0
07/02/2008,0
07/03/2008,0.5
07/04/2008,0
07/05/2008,0
07/06/2008,15
07/07/2008,0
07/08/2008,0
07/09/2008,0
07/10/2008,0
07/11/2008,0
07/12/2008,0
7/13/2008,0
7/14/2008,0
7/15/2008,0
7/16/2008,0
7/17/2008,0
7/18/2008,0
7/19/2008,0
7/20/2008,0
7/21/2008,0.2
7/22/2008,0
7/23/2008,0
7/24/2008,0
7/25/2008,0
7/26/2008,0
7/27/2008,0
7/28/2008,0
7/29/2008,0
7/30/2008,0
7/31/2008,0
08/01/2008,0
08/02/2008,0
08/03/2008,0
08/04/2008,0
08/05/2008,0
08/06/2008,0
08/07/2008,0
08/08/2008,0
08/09/2008,0
08/10/2008,0
08/11/2008,0
08/12/2008,0
8/13/2008,0
8/14/2008,0
8/15/2008,0
8/16/2008,0
8/17/2008,0
8/18/2008,0
8/19/2008,0
8/20/2008,0
8/21/2008,0
8/22/2008,0
8/23/2008,0
8/24/2008,0
8/25/2008,0
8/26/2008,0
8/27/2008,0
8/28/2008,0
8/29/2008,0
8/30/2008,0
8/31/2008,0
09/01/2008,0
09/02/2008,0
09/03/2008,0
09/04/2008,0
09/05/2008,0
09/06/2008,0
09/07/2008,0
09/08/2008,0
09/09/2008,0
09/10/2008,0
09/11/2008,0
09/12/2008,0
9/13/2008,0
9/14/2008,0
9/15/2008,0
9/16/2008,0
9/17/2008,0
9/18/2008,0
9/19/2008,0
9/20/2008,0
9/21/2008,0
9/22/2008,0
9/23/2008,0
9/24/2008,0
9/25/2008,0
9/26/2008,0
9/27/2008,0.3
9/28/2008,38
9/29/2008,3
9/30/2008,0
10/01/2008,0
10/02/2008,0
10/03/2008,5
10/04/2008,0
10/05/2008,0
10/06/2008,0
10/07/2008,0
10/08/2008,0
10/09/2008,0
10/10/2008,0
10/11/2008,25
10/12/2008,31
10/13/2008,0
10/14/2008,0
10/15/2008,0.5
10/16/2008,0
10/17/2008,0
10/18/2008,0
10/19/2008,0
10/20/2008,0
10/21/2008,0
10/22/2008,0
10/23/2008,0
10/24/2008,0.6
10/25/2008,21
10/26/2008,0
10/27/2008,0
10/28/2008,7
10/29/2008,0
10/30/2008,0
10/31/2008,0
11/01/2008,0
11/02/2008,0
11/03/2008,0
11/04/2008,0
11/05/2008,4
11/06/2008,0
11/07/2008,0
11/08/2008,14
11/09/2008,0
11/10/2008,0
11/11/2008,0
11/12/2008,0
11/13/2008,0
11/14/2008,0
11/15/2008,0
11/16/2008,0
11/17/2008,0
11/18/2008,0
11/19/2008,0
11/20/2008,0
11/21/2008,0
11/22/2008,0
11/23/2008,0
11/24/2008,0
11/25/2008,0.9
11/26/2008,19
11/27/2008,0
11/28/2008,40
11/29/2008,5
11/30/2008,1
12/01/2008,0
12/02/2008,0
12/03/2008,0
12/04/2008,0
12/05/2008,0
12/06/2008,0
12/07/2008,0
12/08/2008,3
12/09/2008,6
12/10/2008,0
12/11/2008,0
12/12/2008,0
12/13/2008,0
12/14/2008,0
12/15/2008,0
12/16/2008,0
12/17/2008,0
12/18/2008,0
12/19/2008,2
12/20/2008,0
12/21/2008,11
12/22/2008,3
12/23/2008,0.6
12/24/2008,0
12/25/2008,0
12/26/2008,0
12/27/2008,4
12/28/2008,0
12/29/2008,0
12/30/2008,0
12/31/2008,0
01/01/2009,6
01/02/2009,5
01/03/2009,0
01/04/2009,0
01/05/2009,0
01/06/2009,0
01/07/2009,0
01/08/2009,0
01/09/2009,0
01/10/2009,0
01/11/2009,0
01/12/2009,0.3
1/13/2009,0
1/14/2009,0
1/15/2009,1
1/16/2009,0
1/17/2009,1
1/18/2009,0
1/19/2009,0
1/20/2009,0
1/21/2009,0
1/22/2009,0
1/23/2009,0
1/24/2009,4
1/25/2009,0
1/26/2009,0
1/27/2009,4
1/28/2009,4
1/29/2009,0
1/30/2009,0
1/31/2009,3
02/01/2009,5
02/02/2009,43
02/03/2009,0
02/04/2009,0
02/05/2009,35
02/06/2009,0
02/07/2009,0
02/08/2009,0
02/09/2009,0
02/10/2009,11
02/11/2009,0
02/12/2009,0
2/13/2009,0
2/14/2009,0
2/15/2009,0
2/16/2009,0
2/17/2009,0
2/18/2009,0
2/19/2009,0
2/20/2009,0
2/21/2009,32
2/22/2009,6
2/23/2009,0
2/24/2009,0
2/25/2009,0
2/26/2009,0
2/27/2009,0
2/28/2009,0
03/01/2009,14
03/02/2009,34
03/03/2009,95
03/04/2009,16
03/05/2009,0
03/06/2009,0
03/07/2009,0
03/08/2009,0
03/09/2009,0
03/10/2009,6
03/11/2009,0
03/12/2009,0
3/13/2009,0
3/14/2009,0
3/15/2009,0
3/16/2009,0
3/17/2009,0
3/18/2009,0
3/19/2009,0
3/20/2009,0
3/21/2009,0
3/22/2009,0
3/23/2009,0
3/24/2009,0
3/25/2009,0
3/26/2009,0
3/27/2009,0
3/28/2009,0
3/29/2009,0
3/30/2009,0
3/31/2009,3
04/01/2009,0
04/02/2009,0
04/03/2009,37
04/04/2009,3
04/05/2009,0
04/06/2009,0
04/07/2009,0
04/08/2009,0
04/09/2009,0
04/10/2009,0
04/11/2009,0
04/12/2009,0
4/13/2009,0
4/14/2009,0
4/15/2009,0
4/16/2009,0
4/17/2009,0
4/18/2009,2
4/19/2009,0
4/20/2009,0
4/21/2009,0
4/22/2009,0
4/23/2009,0
4/24/2009,0
4/25/2009,0
4/26/2009,0
4/27/2009,0
4/28/2009,0
4/29/2009,0
4/30/2009,0
05/01/2009,0
05/02/2009,0
05/03/2009,0
05/04/2009,0
05/05/2009,0
05/06/2009,0
05/07/2009,0
05/08/2009,0
05/09/2009,0
05/10/2009,0
05/11/2009,0
05/12/2009,0
5/13/2009,2
5/14/2009,0
5/15/2009,0
5/16/2009,0
5/17/2009,0
5/18/2009,0
5/19/2009,0
5/20/2009,0
5/21/2009,0
5/22/2009,0
5/23/2009,0
5/24/2009,0
5/25/2009,0
5/26/2009,5
5/27/2009,9
5/28/2009,0
5/29/2009,6
5/30/2009,1
5/31/2009,0
06/01/2009,0
06/02/2009,0
06/03/2009,0
06/04/2009,0
06/05/2009,0
06/06/2009,0
06/07/2009,0
06/08/2009,0
06/09/2009,0
06/10/2009,0
06/11/2009,0
06/12/2009,0
6/13/2009,0
6/14/2009,0
6/15/2009,7
6/16/2009,0
6/17/2009,0
6/18/2009,0
6/19/2009,0
6/20/2009,0.3
6/21/2009,0
6/22/2009,0
6/23/2009,0
6/24/2009,0
6/25/2009,0
6/26/2009,0
6/27/2009,0
6/28/2009,0
6/29/2009,0
6/30/2009,0
07/01/2009,0
07/02/2009,0
07/03/2009,0
07/04/2009,0
07/05/2009,0
07/06/2009,0
07/07/2009,0
07/08/2009,0
07/09/2009,0
07/10/2009,0
07/11/2009,0
07/12/2009,0
7/13/2009,0
7/14/2009,0
7/15/2009,0
7/16/2009,0
7/17/2009,0
7/18/2009,0
7/19/2009,0
7/20/2009,17
7/21/2009,31
7/22/2009,0
7/23/2009,0
7/24/2009,0
7/25/2009,0
7/26/2009,0
7/27/2009,0
7/28/2009,0
7/29/2009,0
7/30/2009,0
7/31/2009,0
08/01/2009,0
08/02/2009,0
08/03/2009,0
08/04/2009,0
08/05/2009,0
08/06/2009,0
08/07/2009,0
08/08/2009,0
08/09/2009,0
08/10/2009,0
08/11/2009,0
08/12/2009,0
8/13/2009,0
8/14/2009,0
8/15/2009,0
8/16/2009,0
8/17/2009,0
8/18/2009,0
8/19/2009,0.1
8/20/2009,0
8/21/2009,0
8/22/2009,0
8/23/2009,0
8/24/2009,0
8/25/2009,0
8/26/2009,0
8/27/2009,0
8/28/2009,0
8/29/2009,0
8/30/2009,0
8/31/2009,2
09/01/2009,12
09/02/2009,26
09/03/2009,4
09/04/2009,0
09/05/2009,0
09/06/2009,0
09/07/2009,0
09/08/2009,0
09/09/2009,0
09/10/2009,0
09/11/2009,0
09/12/2009,0
9/13/2009,0
9/14/2009,0
9/15/2009,0
9/16/2009,27
9/17/2009,34
9/18/2009,0
9/19/2009,0
9/20/2009,0
9/21/2009,0
9/22/2009,0.1
9/23/2009,0
9/24/2009,0
9/25/2009,0
9/26/2009,0.9
9/27/2009,6
9/28/2009,0
9/29/2009,0
9/30/2009,0
10/01/2009,0
10/02/2009,0
10/03/2009,0
10/04/2009,0
10/05/2009,0
10/06/2009,0
10/07/2009,0
10/08/2009,0
10/09/2009,0
10/10/2009,40
10/11/2009,0
10/12/2009,0
10/13/2009,0
10/14/2009,5
10/15/2009,0
10/16/2009,0
10/17/2009,0
10/18/2009,0
10/19/2009,0
10/20/2009,3
10/21/2009,0
10/22/2009,0
10/23/2009,15
10/24/2009,0
10/25/2009,0
10/26/2009,0
10/27/2009,0
10/28/2009,0
10/29/2009,0
10/30/2009,0
10/31/2009,0
11/01/2009,0
11/02/2009,30
11/03/2009,0
11/04/2009,0
11/05/2009,0
11/06/2009,27.1
11/07/2009,0
11/08/2009,0
11/09/2009,0
11/10/2009,0
11/11/2009,0
11/12/2009,0
11/13/2009,10.3
11/14/2009,0
11/15/2009,0
11/16/2009,0
11/17/2009,28
11/18/2009,18.8
11/19/2009,0
11/20/2009,3
11/21/2009,0.3
11/22/2009,64.6
11/23/2009,1.7
11/24/2009,0
11/25/2009,0
11/26/2009,5.2
11/27/2009,0
11/28/2009,0
11/29/2009,0.4
11/30/2009,0
12/01/2009,53
12/02/2009,0
12/03/2009,0
12/04/2009,0
12/05/2009,0
12/06/2009,0
12/07/2009,0
12/08/2009,0
12/09/2009,0
12/10/2009,32
12/11/2009,0.6
12/12/2009,0
12/13/2009,7
12/14/2009,0.4
12/15/2009,6
12/16/2009,13
12/17/2009,0
12/18/2009,9
12/19/2009,48.1
12/20/2009,0
12/21/2009,0
12/22/2009,33
12/23/2009,13
12/24/2009,15.5
12/25/2009,0
12/26/2009,3
12/27/2009,0
12/28/2009,27
12/29/2009,1
12/30/2009,0
12/31/2009,0
01/01/2010,12
01/02/2010,0
01/03/2010,0
01/04/2010,0
01/05/2010,19
01/06/2010,0
01/07/2010,0
01/08/2010,0
01/09/2010,25
01/10/2010,0
01/11/2010,21
01/12/2010,0
1/13/2010,0
1/14/2010,0
1/15/2010,0
1/16/2010,0
1/17/2010,0
1/18/2010,34
1/19/2010,0
1/20/2010,0
1/21/2010,0
1/22/2010,0
1/23/2010,0
1/24/2010,0
1/25/2010,0
1/26/2010,0
1/27/2010,0
1/28/2010,0
1/29/2010,0
1/30/2010,0
1/31/2010,3
02/01/2010,11
02/02/2010,6
02/03/2010,25
02/04/2010,6
02/05/2010,38
02/06/2010,13
02/07/2010,0
02/08/2010,0
02/09/2010,0
02/10/2010,0
02/11/2010,0
02/12/2010,0
2/13/2010,14
2/14/2010,0
2/15/2010,31
2/16/2010,0
2/17/2010,0
2/18/2010,0
2/19/2010,105
2/20/2010,10
2/21/2010,0.2
2/22/2010,0
2/23/2010,0
2/24/2010,0
2/25/2010,0
2/26/2010,0
2/27/2010,0
2/28/2010,0
03/01/2010,0
03/02/2010,25
03/03/2010,0
03/04/2010,0
03/05/2010,0
03/06/2010,0
03/07/2010,0
03/08/2010,0
03/09/2010,0
03/10/2010,0
03/11/2010,0
03/12/2010,0.6
3/13/2010,0
3/14/2010,0
3/15/2010,0
3/16/2010,0
3/17/2010,29
3/18/2010,46
3/19/2010,1
3/20/2010,4
3/21/2010,5
3/22/2010,0
3/23/2010,0
3/24/2010,0
3/25/2010,0
3/26/2010,0
3/27/2010,0
3/28/2010,0
3/29/2010,0
3/30/2010,0
3/31/2010,0
04/01/2010,0
04/02/2010,24
04/03/2010,0
04/04/2010,0
04/05/2010,0
04/06/2010,0
04/07/2010,0
04/08/2010,0
04/09/2010,0
04/10/2010,0
04/11/2010,0
04/12/2010,0
4/13/2010,45.6
4/14/2010,7.7
4/15/2010,0
4/16/2010,0
4/17/2010,0
4/18/2010,0
4/19/2010,0
4/20/2010,28.6
4/21/2010,0
4/22/2010,0
4/23/2010,0
4/24/2010,0
4/25/2010,0
4/26/2010,0
4/27/2010,0
4/28/2010,0
4/29/2010,0
4/30/2010,0
05/01/2010,0
05/02/2010,0
05/03/2010,0
05/04/2010,0
05/05/2010,0
05/06/2010,0
05/07/2010,0
05/08/2010,0
05/09/2010,0
05/10/2010,0
05/11/2010,0
05/12/2010,0
5/13/2010,0
5/14/2010,0
5/15/2010,0.9
5/16/2010,7
5/17/2010,0
5/18/2010,0
5/19/2010,0
5/20/2010,0.5
5/21/2010,0
5/22/2010,0
5/23/2010,9
5/24/2010,0
5/25/2010,0
5/26/2010,0
5/27/2010,0
5/28/2010,16
5/29/2010,21
5/30/2010,0
5/31/2010,0
06/01/2010,0
06/02/2010,0
06/03/2010,0
06/04/2010,0
06/05/2010,0
06/06/2010,0
06/07/2010,0
06/08/2010,0
06/09/2010,0
06/10/2010,0
06/11/2010,0
06/12/2010,0
6/13/2010,0
6/14/2010,0.7
6/15/2010,0
6/16/2010,0.9
6/17/2010,0
6/18/2010,0
6/19/2010,0
6/20/2010,0
6/21/2010,0
6/22/2010,0
6/23/2010,0
6/24/2010,0
6/25/2010,0
6/26/2010,1
6/27/2010,0
6/28/2010,0
6/29/2010,0
6/30/2010,0
07/01/2010,0
07/02/2010,0
07/03/2010,0
07/04/2010,0
07/05/2010,0
07/06/2010,0.9
07/07/2010,0
07/08/2010,0
07/09/2010,0
07/10/2010,0
07/11/2010,0
07/12/2010,0
7/13/2010,0
7/14/2010,0
7/15/2010,0
7/16/2010,0
7/17/2010,4
7/18/2010,7
7/19/2010,0
7/20/2010,0
7/21/2010,0
7/22/2010,0
7/23/2010,0
7/24/2010,0
7/25/2010,0
7/26/2010,0
7/27/2010,0
7/28/2010,0
7/29/2010,3
7/30/2010,0
7/31/2010,0
08/01/2010,0
08/02/2010,0
08/03/2010,0
08/04/2010,0
08/05/2010,0
08/06/2010,0
08/07/2010,0
08/08/2010,0
08/09/2010,0
08/10/2010,0
08/11/2010,0
08/12/2010,0.1
8/13/2010,0
8/14/2010,0
8/15/2010,0
8/16/2010,0
8/17/2010,0
8/18/2010,0
8/19/2010,0
8/20/2010,0
8/21/2010,0
8/22/2010,0
8/23/2010,0
8/24/2010,0
8/25/2010,0
8/26/2010,0
8/27/2010,0
8/28/2010,0
8/29/2010,0
8/30/2010,3
8/31/2010,7.5
09/01/2010,11
09/02/2010,13
09/03/2010,0
09/04/2010,0
09/05/2010,0
09/06/2010,0
09/07/2010,0
09/08/2010,0
09/09/2010,0
09/10/2010,15
09/11/2010,0
09/12/2010,0
9/13/2010,0
9/14/2010,0
9/15/2010,0
9/16/2010,0
9/17/2010,0
9/18/2010,0
9/19/2010,0
9/20/2010,0
9/21/2010,0
9/22/2010,0
9/23/2010,0
9/24/2010,0
9/25/2010,5
9/26/2010,0
9/27/2010,18
9/28/2010,0
9/29/2010,0
9/30/2010,0
10/01/2010,4
10/02/2010,0
10/03/2010,0
10/04/2010,0
10/05/2010,0
10/06/2010,14
10/07/2010,0
10/08/2010,0
10/09/2010,0
10/10/2010,0
10/11/2010,0
10/12/2010,0
10/13/2010,31
10/14/2010,0
10/15/2010,0
10/16/2010,0
10/17/2010,0
10/18/2010,0
10/19/2010,0
10/20/2010,0
10/21/2010,0
10/22/2010,0
10/23/2010,0.5
10/24/2010,4
10/25/2010,0
10/26/2010,0
10/27/2010,0
10/28/2010,0
10/29/2010,8
10/30/2010,0
10/31/2010,0
11/01/2010,0
11/02/2010,0
11/03/2010,0
11/04/2010,5
11/05/2010,0
11/06/2010,0
11/07/2010,0
11/08/2010,12
11/09/2010,0
11/10/2010,0
11/11/2010,0
11/12/2010,0
11/13/2010,0
11/14/2010,0
11/15/2010,0
11/16/2010,0
11/17/2010,0
11/18/2010,5
11/19/2010,0.2
11/20/2010,0
11/21/2010,0
11/22/2010,0
11/23/2010,0
11/24/2010,0
11/25/2010,0
11/26/2010,0
11/27/2010,15
11/28/2010,0
11/29/2010,0
11/30/2010,0
12/01/2010,10
12/02/2010,0
12/03/2010,0
12/04/2010,0
12/05/2010,0
12/06/2010,0
12/07/2010,0
12/08/2010,0
12/09/2010,0
12/10/2010,10.5
12/11/2010,11
12/12/2010,0
12/13/2010,0
12/14/2010,0
12/15/2010,0
12/16/2010,0
12/17/2010,0
12/18/2010,22
12/19/2010,13
12/20/2010,0
12/21/2010,0
12/22/2010,0
12/23/2010,4
12/24/2010,0
12/25/2010,0
12/26/2010,0
12/27/2010,0
12/28/2010,0
12/29/2010,0
12/30/2010,0
12/31/2010,0
01/01/2011,0
01/02/2011,0
01/03/2011,0
01/04/2011,2
01/05/2011,0
01/06/2011,0
01/07/2011,0
01/08/2011,0
01/09/2011,0
01/10/2011,0
01/11/2011,0
01/12/2011,0
1/13/2011,0
1/14/2011,0
1/15/2011,0
1/16/2011,12
1/17/2011,0
1/18/2011,0
1/19/2011,17
1/20/2011,0
1/21/2011,0
1/22/2011,0
1/23/2011,0
1/24/2011,0
1/25/2011,44
1/26/2011,0
1/27/2011,3
1/28/2011,0
1/29/2011,0
1/30/2011,38
1/31/2011,0
02/01/2011,0
02/02/2011,0
02/03/2011,0
02/04/2011,0
02/05/2011,0
02/06/2011,0
02/07/2011,34
02/08/2011,3
02/09/2011,0
02/10/2011,0
02/11/2011,0
02/12/2011,0
2/13/2011,0
2/14/2011,0
2/15/2011,0
2/16/2011,0
2/17/2011,25
2/18/2011,31
2/19/2011,0
2/20/2011,0
2/21/2011,0
2/22/2011,40
2/23/2011,0
2/24/2011,2
2/25/2011,0
2/26/2011,0
2/27/2011,0
2/28/2011,0
03/01/2011,0
03/02/2011,0
03/03/2011,0
03/04/2011,0
03/05/2011,0
03/06/2011,0
03/07/2011,0
03/08/2011,0
03/09/2011,0
03/10/2011,0
03/11/2011,0
03/12/2011,22
3/13/2011,0
3/14/2011,0
3/15/2011,0
3/16/2011,6
3/17/2011,0
3/18/2011,0
3/19/2011,0
3/20/2011,0
3/21/2011,0
3/22/2011,0.2
3/23/2011,80
3/24/2011,14
3/25/2011,13
3/26/2011,0
3/27/2011,0
3/28/2011,0
3/29/2011,0
3/30/2011,0
3/31/2011,0
04/01/2011,0
04/02/2011,0
04/03/2011,4
04/04/2011,0
04/05/2011,0
04/06/2011,0
04/07/2011,0
04/08/2011,0
04/09/2011,0
04/10/2011,0
04/11/2011,0
04/12/2011,0
4/13/2011,3
4/14/2011,0
4/15/2011,0
4/16/2011,12
4/17/2011,0
4/18/2011,0
4/19/2011,38
4/20/2011,10
4/21/2011,0
4/22/2011,0
4/23/2011,0
4/24/2011,0
4/25/2011,0
4/26/2011,0
4/27/2011,0
4/28/2011,30
4/29/2011,0
4/30/2011,2
05/01/2011,0
05/02/2011,0
05/03/2011,0
05/04/2011,0
05/05/2011,0
05/06/2011,0
05/07/2011,0
05/08/2011,0
05/09/2011,0
05/10/2011,0
05/11/2011,0
05/12/2011,0
5/13/2011,39
5/14/2011,0
5/15/2011,0
5/16/2011,0
5/17/2011,0
5/18/2011,0
5/19/2011,0
5/20/2011,0
5/21/2011,0
5/22/2011,13
5/23/2011,0
5/24/2011,48
5/25/2011,0
5/26/2011,0
5/27/2011,0
5/28/2011,0
5/29/2011,0
5/30/2011,0
5/31/2011,0
06/01/2011,0
06/02/2011,0
06/03/2011,0
06/04/2011,0
06/05/2011,2
06/06/2011,10
06/07/2011,0
06/08/2011,0
06/09/2011,0
06/10/2011,0
06/11/2011,0
06/12/2011,0
6/13/2011,0
6/14/2011,0
6/15/2011,0
6/16/2011,2
6/17/2011,0.1
6/18/2011,0
6/19/2011,0
6/20/2011,3
6/21/2011,14
6/22/2011,8
6/23/2011,0
6/24/2011,0
6/25/2011,0
6/26/2011,0
6/27/2011,0
6/28/2011,0
6/29/2011,0
6/30/2011,0
07/01/2011,0
07/02/2011,0
07/03/2011,0
07/04/2011,0
07/05/2011,0
07/06/2011,0
07/07/2011,0
07/08/2011,0
07/09/2011,0
07/10/2011,0
07/11/2011,0
07/12/2011,0
7/13/2011,1
7/14/2011,0
7/15/2011,6
7/16/2011,0
7/17/2011,0
7/18/2011,0
7/19/2011,0
7/20/2011,0
7/21/2011,0
7/22/2011,0
7/23/2011,0
7/24/2011,0
7/25/2011,4
7/26/2011,0
7/27/2011,0
7/28/2011,0
7/29/2011,0
7/30/2011,0
7/31/2011,14
08/01/2011,10
08/02/2011,0
08/03/2011,0
08/04/2011,0
08/05/2011,0
08/06/2011,0
08/07/2011,0
08/08/2011,0
08/09/2011,0
08/10/2011,0
08/11/2011,0
08/12/2011,0
8/13/2011,0
8/14/2011,0
8/15/2011,3
8/16/2011,0
8/17/2011,0
8/18/2011,0
8/19/2011,0
8/20/2011,0
8/21/2011,0
8/22/2011,0
8/23/2011,0
8/24/2011,0
8/25/2011,0
8/26/2011,0
8/27/2011,0
8/28/2011,0
8/29/2011,0
8/30/2011,0
8/31/2011,0
09/01/2011,0
09/02/2011,0
09/03/2011,0
09/04/2011,0
09/05/2011,0
09/06/2011,0
09/07/2011,0
09/08/2011,0
09/09/2011,0
09/10/2011,0
09/11/2011,0
09/12/2011,0
9/13/2011,0
9/14/2011,0
9/15/2011,0
9/16/2011,8
9/17/2011,0
9/18/2011,0
9/19/2011,0
9/20/2011,0
9/21/2011,0
9/22/2011,1
9/23/2011,0.7
9/24/2011,0
9/25/2011,0
9/26/2011,0
9/27/2011,0
9/28/2011,0
9/29/2011,0
9/30/2011,9
10/01/2011,0
10/02/2011,0
10/03/2011,16
10/04/2011,3
10/05/2011,0
10/06/2011,8
10/07/2011,19
10/08/2011,0.7
10/09/2011,0
10/10/2011,0
10/11/2011,0
10/12/2011,20
10/13/2011,0
10/14/2011,0
10/15/2011,0
10/16/2011,0
10/17/2011,0
10/18/2011,7
10/19/2011,0
10/20/2011,0
10/21/2011,0
10/22/2011,20
10/23/2011,0.6
10/24/2011,41
10/25/2011,0
10/26/2011,0
10/27/2011,0
10/28/2011,0.6
10/29/2011,0
10/30/2011,0
10/31/2011,0
11/01/2011,0
11/02/2011,0
11/03/2011,0
11/04/2011,0
11/05/2011,0
11/06/2011,0
11/07/2011,0
11/08/2011,46
11/09/2011,0
11/10/2011,0
11/11/2011,0
11/12/2011,0
11/13/2011,0
11/14/2011,0
11/15/2011,0
11/16/2011,0
11/17/2011,0
11/18/2011,0
11/19/2011,40
11/20/2011,21
11/21/2011,13
11/22/2011,0
11/23/2011,0
11/24/2011,0
11/25/2011,0
11/26/2011,0
11/27/2011,0
11/28/2011,4
11/29/2011,5
11/30/2011,0
12/01/2011,0
12/02/2011,0
12/03/2011,0
12/04/2011,0
12/05/2011,0
12/06/2011,0
12/07/2011,0
12/08/2011,0
12/09/2011,0
12/10/2011,0
12/11/2011,0
12/12/2011,0
12/13/2011,0
12/14/2011,0
12/15/2011,0
12/16/2011,0
12/17/2011,0
12/18/2011,0
12/19/2011,0
12/20/2011,0
12/21/2011,36
12/22/2011,0.3
12/23/2011,6
12/24/2011,0
12/25/2011,0
12/26/2011,0
12/27/2011,0
12/28/2011,0
12/29/2011,0
12/30/2011,0
12/31/2011,0
01/01/2012,0
01/02/2012,0
01/03/2012,0
01/04/2012,0
01/05/2012,0
01/06/2012,0
01/07/2012,0
01/08/2012,0
01/09/2012,0
01/10/2012,39
01/11/2012,0
01/12/2012,0
1/13/2012,0
1/14/2012,0
1/15/2012,0
1/16/2012,0
1/17/2012,0
1/18/2012,0
1/19/2012,0
1/20/2012,0
1/21/2012,0
1/22/2012,0
1/23/2012,25
1/24/2012,0
1/25/2012,0
1/26/2012,0
1/27/2012,0
1/28/2012,0
1/29/2012,0
1/30/2012,0
1/31/2012,17
02/01/2012,0
02/02/2012,0
02/03/2012,0
02/04/2012,22
02/05/2012,39
02/06/2012,0
02/07/2012,12
02/08/2012,0
02/09/2012,0
02/10/2012,0
02/11/2012,0
02/12/2012,0
2/13/2012,0
2/14/2012,0
2/15/2012,0
2/16/2012,0
2/17/2012,0
2/18/2012,0
2/19/2012,1
2/20/2012,36
2/21/2012,0
2/22/2012,0
2/23/2012,0
2/24/2012,0
2/25/2012,0
2/26/2012,0
2/27/2012,0
2/28/2012,59
2/29/2012,21
03/01/2012,0
03/02/2012,0
03/03/2012,0
03/04/2012,0
03/05/2012,44
03/06/2012,2
03/07/2012,0
03/08/2012,0
03/09/2012,0
03/10/2012,0
03/11/2012,0
03/12/2012,8
3/13/2012,18
3/14/2012,0
3/15/2012,0
3/16/2012,0
3/17/2012,0
3/18/2012,0
3/19/2012,35
3/20/2012,2
3/21/2012,0
3/22/2012,0
3/23/2012,0
3/24/2012,0
3/25/2012,12
3/26/2012,0
3/27/2012,0
3/28/2012,0
3/29/2012,0
3/30/2012,0
3/31/2012,0
04/01/2012,0
04/02/2012,0
04/03/2012,0
04/04/2012,26
04/05/2012,0
04/06/2012,0
04/07/2012,4
04/08/2012,0
04/09/2012,0
04/10/2012,0
04/11/2012,0
04/12/2012,0
4/13/2012,0
4/14/2012,0
4/15/2012,0
4/16/2012,0
4/17/2012,0
4/18/2012,0
4/19/2012,0
4/20/2012,0
4/21/2012,0
4/22/2012,0
4/23/2012,0
4/24/2012,0.5
4/25/2012,0
4/26/2012,0
4/27/2012,4
4/28/2012,2
4/29/2012,0
4/30/2012,0
05/01/2012,0
05/02/2012,0
05/03/2012,0
05/04/2012,0
05/05/2012,0
05/06/2012,0
05/07/2012,0
05/08/2012,0
05/09/2012,0
05/10/2012,5
05/11/2012,0
05/12/2012,0
5/13/2012,0
5/14/2012,0
5/15/2012,0
5/16/2012,0
5/17/2012,0
5/18/2012,13
5/19/2012,0
5/20/2012,0
5/21/2012,4
5/22/2012,50
5/23/2012,0.4
5/24/2012,0
5/25/2012,0
5/26/2012,0
5/27/2012,0
5/28/2012,0
5/29/2012,0
5/30/2012,0
5/31/2012,0
06/01/2012,0
06/02/2012,0
06/03/2012,0
06/04/2012,0
06/05/2012,0
06/06/2012,0
06/07/2012,0
06/08/2012,0
06/09/2012,0
06/10/2012,0
06/11/2012,0
06/12/2012,0
6/13/2012,0
6/14/2012,0
6/15/2012,0
6/16/2012,0
6/17/2012,6
6/18/2012,0
6/19/2012,0
6/20/2012,0
6/21/2012,0
6/22/2012,0
6/23/2012,0
6/24/2012,0
6/25/2012,0
6/26/2012,0
6/27/2012,0
6/28/2012,0
6/29/2012,0
6/30/2012,0
07/01/2012,0
07/02/2012,4
07/03/2012,0.5
07/04/2012,0
07/05/2012,0
07/06/2012,0
07/07/2012,0
07/08/2012,0
07/09/2012,0
07/10/2012,0
07/11/2012,0
07/12/2012,0
7/13/2012,0
7/14/2012,0
7/15/2012,0
7/16/2012,0
7/17/2012,0
7/18/2012,0
7/19/2012,0
7/20/2012,0
7/21/2012,0
7/22/2012,0
7/23/2012,0
7/24/2012,0
7/25/2012,0
7/26/2012,0
7/27/2012,0
7/28/2012,0
7/29/2012,0
7/30/2012,0
7/31/2012,0
08/01/2012,0
08/02/2012,0
08/03/2012,0
08/04/2012,0
08/05/2012,0
08/06/2012,2
08/07/2012,7
08/08/2012,0
08/09/2012,0
08/10/2012,0
08/11/2012,16
08/12/2012,0
8/13/2012,0
8/14/2012,20
8/15/2012,0
8/16/2012,18
8/17/2012,33
8/18/2012,0
8/19/2012,13
8/20/2012,0
8/21/2012,0
8/22/2012,0
8/23/2012,11
8/24/2012,0
8/25/2012,0
8/26/2012,0
8/27/2012,0
8/28/2012,0
8/29/2012,0
8/30/2012,0
8/31/2012,0
09/01/2012,0
09/02/2012,0
09/03/2012,0
09/04/2012,9
09/05/2012,7
09/06/2012,28
09/07/2012,0
09/08/2012,0
09/09/2012,0
09/10/2012,0
09/11/2012,0
09/12/2012,0
9/13/2012,0
9/14/2012,0
9/15/2012,0
9/16/2012,0
9/17/2012,3
9/18/2012,34
9/19/2012,0
9/20/2012,0
9/21/2012,0
9/22/2012,0
9/23/2012,0
9/24/2012,0
9/25/2012,0
9/26/2012,0
9/27/2012,0
9/28/2012,0
9/29/2012,0
9/30/2012,8
10/01/2012,5
10/02/2012,0.5
10/03/2012,0
10/04/2012,0
10/05/2012,66
10/06/2012,23
10/07/2012,14
10/08/2012,2
10/09/2012,24
10/10/2012,0
10/11/2012,0
10/12/2012,0
10/13/2012,0
10/14/2012,0.1
10/15/2012,28
10/16/2012,0
10/17/2012,0
10/18/2012,0
10/19/2012,0
10/20/2012,10
10/21/2012,57
10/22/2012,0
10/23/2012,0
10/24/2012,0
10/25/2012,0
10/26/2012,0
10/27/2012,0
10/28/2012,4
10/29/2012,8
10/30/2012,2
10/31/2012,0
11/01/2012,0
11/02/2012,0
11/03/2012,0
11/04/2012,0
11/05/2012,0
11/06/2012,0
11/07/2012,0
11/08/2012,0
11/09/2012,47
11/10/2012,0
11/11/2012,0
11/12/2012,0
11/13/2012,0
11/14/2012,0
11/15/2012,0
11/16/2012,0
11/17/2012,0
11/18/2012,0
11/19/2012,0
11/20/2012,0
11/21/2012,20
11/22/2012,9
11/23/2012,0
11/24/2012,0
11/25/2012,0
11/26/2012,0
11/27/2012,0
11/28/2012,2
11/29/2012,3
11/30/2012,0
12/01/2012,0
12/02/2012,0
12/03/2012,65
12/04/2012,0
12/05/2012,0
12/06/2012,36
12/07/2012,0
12/08/2012,0
12/09/2012,0
12/10/2012,0
12/11/2012,0
12/12/2012,0
12/13/2012,0
12/14/2012,2
12/15/2012,0
12/16/2012,31
12/17/2012,79
12/18/2012,39
12/19/2012,58
12/20/2012,0
12/21/2012,0
12/22/2012,0
12/23/2012,0
12/24/2012,0
12/25/2012,0
12/26/2012,0
12/27/2012,0
12/28/2012,0
12/29/2012,0
12/30/2012,0
12/31/2012,6
01/01/2013,0
01/02/2013,0
01/03/2013,0
01/04/2013,38
01/05/2013,2
01/06/2013,0
01/07/2013,0
01/08/2013,0
01/09/2013,0
01/10/2013,0
01/11/2013,0
01/12/2013,0
1/13/2013,0
1/14/2013,0
1/15/2013,0
1/16/2013,0
1/17/2013,0
1/18/2013,0
1/19/2013,0
1/20/2013,0
1/21/2013,0
1/22/2013,0
1/23/2013,6
1/24/2013,8
1/25/2013,0
1/26/2013,0
1/27/2013,0
1/28/2013,0
1/29/2013,0
1/30/2013,8
1/31/2013,6
02/01/2013,0.6
02/02/2013,0
02/03/2013,0
02/04/2013,0
02/05/2013,0
02/06/2013,0
02/07/2013,0
02/08/2013,0
02/09/2013,0
02/10/2013,0
02/11/2013,0
02/12/2013,0
2/13/2013,3
2/14/2013,0
2/15/2013,0
2/16/2013,18
2/17/2013,21
2/18/2013,9
2/19/2013,1
2/20/2013,5
2/21/2013,0
2/22/2013,0
2/23/2013,15
2/24/2013,2
2/25/2013,0
2/26/2013,0
2/27/2013,0
2/28/2013,0
03/01/2013,60
03/02/2013,0
03/03/2013,0
03/04/2013,0
03/05/2013,0
03/06/2013,0
03/07/2013,0
03/08/2013,0
03/09/2013,4
03/10/2013,0
03/11/2013,5
03/12/2013,0
3/13/2013,0
3/14/2013,0.3
3/15/2013,0
3/16/2013,0
3/17/2013,0
3/18/2013,0
3/19/2013,6
3/20/2013,0
3/21/2013,0
3/22/2013,0
3/23/2013,0
3/24/2013,0
3/25/2013,0
3/26/2013,0
3/27/2013,0
3/28/2013,0
3/29/2013,0
3/30/2013,0
3/31/2013,11
04/01/2013,2
04/02/2013,6
04/03/2013,0
04/04/2013,0
04/05/2013,0
04/06/2013,0
04/07/2013,0
04/08/2013,0
04/09/2013,0
04/10/2013,93
04/11/2013,14
04/12/2013,0
4/13/2013,0
4/14/2013,0
4/15/2013,0
4/16/2013,0
4/17/2013,0
4/18/2013,0
4/19/2013,0
4/20/2013,0
4/21/2013,0
4/22/2013,0
4/23/2013,0
4/24/2013,0
4/25/2013,0
4/26/2013,0
4/27/2013,29
4/28/2013,0.5
4/29/2013,0
4/30/2013,0
05/01/2013,14
05/02/2013,43
05/03/2013,0
05/04/2013,0
05/05/2013,0
05/06/2013,0
05/07/2013,0
05/08/2013,0
05/09/2013,0
05/10/2013,0
05/11/2013,0
05/12/2013,0
5/13/2013,0.3
5/14/2013,3
5/15/2013,0
5/16/2013,0
5/17/2013,5
5/18/2013,4
5/19/2013,0
5/20/2013,0
5/21/2013,0
5/22/2013,0
5/23/2013,0
5/24/2013,0
5/25/2013,0
5/26/2013,0
5/27/2013,0
5/28/2013,1
5/29/2013,0
5/30/2013,0
5/31/2013,0
06/01/2013,0
06/02/2013,0
06/03/2013,0
06/04/2013,0
06/05/2013,0
06/06/2013,0
06/07/2013,0
06/08/2013,10
06/09/2013,8
06/10/2013,0
06/11/2013,0
06/12/2013,0
6/13/2013,17
6/14/2013,5
6/15/2013,0
6/16/2013,0
6/17/2013,0
6/18/2013,0.1
6/19/2013,0
6/20/2013,0
6/21/2013,0
6/22/2013,0
6/23/2013,0
6/24/2013,0
6/25/2013,0
6/26/2013,0
6/27/2013,0
6/28/2013,0
6/29/2013,0
6/30/2013,0
07/01/2013,0
07/02/2013,0
07/03/2013,0
07/04/2013,0
07/05/2013,0
07/06/2013,0
07/07/2013,0
07/08/2013,0
07/09/2013,7
07/10/2013,0
07/11/2013,0
07/12/2013,0
7/13/2013,0
7/14/2013,0
7/15/2013,0
7/16/2013,0
7/17/2013,0
7/18/2013,0
7/19/2013,0
7/20/2013,0
7/21/2013,0
7/22/2013,0
7/23/2013,0
7/24/2013,0
7/25/2013,0
7/26/2013,0
7/27/2013,0
7/28/2013,0
7/29/2013,0
7/30/2013,0
7/31/2013,0
08/01/2013,0
08/02/2013,0
08/03/2013,0
08/04/2013,0
08/05/2013,0
08/06/2013,0
08/07/2013,3
08/08/2013,0
08/09/2013,0
08/10/2013,0
08/11/2013,0
08/12/2013,0
8/13/2013,0
8/14/2013,0
8/15/2013,0
8/16/2013,0
8/17/2013,0
8/18/2013,0
8/19/2013,0
8/20/2013,0
8/21/2013,0
8/22/2013,0
8/23/2013,0
8/24/2013,0
8/25/2013,0
8/26/2013,0
8/27/2013,0
8/28/2013,0
8/29/2013,0
8/30/2013,0
8/31/2013,0
09/01/2013,0
09/02/2013,0
09/03/2013,0
09/04/2013,0
09/05/2013,0
09/06/2013,0
09/07/2013,3
09/08/2013,0
09/09/2013,0
09/10/2013,0
09/11/2013,0
09/12/2013,2
9/13/2013,0.5
9/14/2013,0.7
9/15/2013,1
9/16/2013,0
9/17/2013,0
9/18/2013,0
9/19/2013,0
9/20/2013,0
9/21/2013,12
9/22/2013,0.5
9/23/2013,0
9/24/2013,0
9/25/2013,0
9/26/2013,0
9/27/2013,0
9/28/2013,0
9/29/2013,0
9/30/2013,0
10/01/2013,0
10/02/2013,0
10/03/2013,0
10/04/2013,0
10/05/2013,0
10/06/2013,0
10/07/2013,0
10/08/2013,0
10/09/2013,4
10/10/2013,1
10/11/2013,3
10/12/2013,0
10/13/2013,0
10/14/2013,0
10/15/2013,0
10/16/2013,0
10/17/2013,0
10/18/2013,0
10/19/2013,0
10/20/2013,0
10/21/2013,0
10/22/2013,0
10/23/2013,0.2
10/24/2013,0
10/25/2013,39
10/26/2013,0
10/27/2013,0
10/28/2013,0
10/29/2013,0
10/30/2013,1
10/31/2013,44
11/01/2013,24
11/02/2013,0
11/03/2013,0
11/04/2013,0
11/05/2013,0
11/06/2013,0
11/07/2013,17
11/08/2013,40
11/09/2013,15
11/10/2013,11
11/11/2013,0
11/12/2013,0
11/13/2013,0
11/14/2013,47
11/15/2013,0
11/16/2013,0
11/17/2013,0
11/18/2013,0
11/19/2013,0
11/20/2013,0
11/21/2013,0
11/22/2013,0
11/23/2013,0
11/24/2013,4
11/25/2013,38
11/26/2013,43
11/27/2013,0
11/28/2013,0
11/29/2013,0
11/30/2013,0
12/01/2013,0
12/02/2013,0
12/03/2013,0
12/04/2013,0
12/05/2013,0
12/06/2013,0
12/07/2013,0
12/08/2013,30
12/09/2013,0
12/10/2013,0
12/11/2013,0
12/12/2013,0
12/13/2013,0
12/14/2013,0
12/15/2013,0
12/16/2013,0
12/17/2013,0
12/18/2013,0
12/19/2013,0
12/20/2013,0
12/21/2013,0
12/22/2013,0
12/23/2013,0
12/24/2013,0
12/25/2013,0
12/26/2013,8
12/27/2013,0.3
12/28/2013,11
12/29/2013,0
12/30/2013,38
12/31/2013,8
01/01/2014,1
01/02/2014,29
01/03/2014,0
01/04/2014,0
01/05/2014,0
01/06/2014,0
01/07/2014,0
01/08/2014,0
01/09/2014,0
01/10/2014,0
01/11/2014,0
01/12/2014,0
1/13/2014,0
1/14/2014,0
1/15/2014,0
1/16/2014,0
1/17/2014,0
1/18/2014,0
1/19/2014,6
1/20/2014,0
1/21/2014,0
1/22/2014,0
1/23/2014,10
1/24/2014,3
1/25/2014,0
1/26/2014,0
1/27/2014,23
1/28/2014,0
1/29/2014,2
1/30/2014,0
1/31/2014,0
02/01/2014,0
02/02/2014,12
02/03/2014,11
02/04/2014,27
02/05/2014,0
02/06/2014,4
02/07/2014,0
02/08/2014,0
02/09/2014,78
02/10/2014,43
02/11/2014,20
02/12/2014,0
2/13/2014,0
2/14/2014,0
2/15/2014,0
2/16/2014,0
2/17/2014,5
2/18/2014,2
2/19/2014,0
2/20/2014,0
2/21/2014,0
2/22/2014,13
2/23/2014,0
2/24/2014,16
2/25/2014,0.7
2/26/2014,0
2/27/2014,0
2/28/2014,0
03/01/2014,0
03/02/2014,0
03/03/2014,10
03/04/2014,0
03/05/2014,0
03/06/2014,0
03/07/2014,0
03/08/2014,0
03/09/2014,17
03/10/2014,0
03/11/2014,0
03/12/2014,0
3/13/2014,20
3/14/2014,102
3/15/2014,0
3/16/2014,0
3/17/2014,0
3/18/2014,14
3/19/2014,23
3/20/2014,0
3/21/2014,0
3/22/2014,0
3/23/2014,0
3/24/2014,0
3/25/2014,0
3/26/2014,0
3/27/2014,24
3/28/2014,8
3/29/2014,5
3/30/2014,0
3/31/2014,0
04/01/2014,0
04/02/2014,0
04/03/2014,0
04/04/2014,0
04/05/2014,39
04/06/2014,80
04/07/2014,44
04/08/2014,0
04/09/2014,0
04/10/2014,0
04/11/2014,0
04/12/2014,0
4/13/2014,0
4/14/2014,0
4/15/2014,0
4/16/2014,0
4/17/2014,0
4/18/2014,0
4/19/2014,0
4/20/2014,0
4/21/2014,1
4/22/2014,0
4/23/2014,0
4/24/2014,0
4/25/2014,0
4/26/2014,0
4/27/2014,0
4/28/2014,0
4/29/2014,0
4/30/2014,0.5
05/01/2014,0
05/02/2014,0
05/03/2014,0
05/04/2014,0
05/05/2014,0
05/06/2014,0
05/07/2014,0
05/08/2014,0
05/09/2014,0
05/10/2014,20
05/11/2014,0
05/12/2014,0
5/13/2014,0
5/14/2014,0
5/15/2014,0
5/16/2014,14
5/17/2014,0
5/18/2014,0
5/19/2014,7
5/20/2014,0.5
5/21/2014,11
5/22/2014,0
5/23/2014,0
5/24/2014,0
5/25/2014,0
5/26/2014,0
5/27/2014,0
5/28/2014,0
5/29/2014,0
5/30/2014,0.3
5/31/2014,9
06/01/2014,0
06/02/2014,0
06/03/2014,0
06/04/2014,0
06/05/2014,0
06/06/2014,0
06/07/2014,0
06/08/2014,0
06/09/2014,0
06/10/2014,0
06/11/2014,0
06/12/2014,10
6/13/2014,0
6/14/2014,0
6/15/2014,0
6/16/2014,0
6/17/2014,0
6/18/2014,0
6/19/2014,0
6/20/2014,0
6/21/2014,0
6/22/2014,0
6/23/2014,0
6/24/2014,0
6/25/2014,0
6/26/2014,0
6/27/2014,0
6/28/2014,0
6/29/2014,0
6/30/2014,0
07/01/2014,0
07/02/2014,0
07/03/2014,0
07/04/2014,25
07/05/2014,2
07/06/2014,0
07/07/2014,0
07/08/2014,0
07/09/2014,0
07/10/2014,0
07/11/2014,12
07/12/2014,11
7/13/2014,0
7/14/2014,0
7/15/2014,0
7/16/2014,0.3
7/17/2014,0
7/18/2014,0
7/19/2014,0
7/20/2014,0
7/21/2014,35
7/22/2014,0
7/23/2014,0
7/24/2014,0
7/25/2014,0
7/26/2014,0
7/27/2014,0
7/28/2014,0
7/29/2014,0
7/30/2014,0
7/31/2014,0.1
08/01/2014,0
08/02/2014,0
08/03/2014,0
08/04/2014,0
08/05/2014,0
08/06/2014,0
08/07/2014,0
08/08/2014,0
08/09/2014,0
08/10/2014,0
08/11/2014,0
08/12/2014,0
8/13/2014,0
8/14/2014,0
8/15/2014,0
8/16/2014,0
8/17/2014,0
8/18/2014,0
8/19/2014,0
8/20/2014,0
8/21/2014,0
8/22/2014,0
8/23/2014,0
8/24/2014,0
8/25/2014,0
8/26/2014,0
8/27/2014,0
8/28/2014,0
8/29/2014,0
8/30/2014,0
8/31/2014,0
09/01/2014,0
09/02/2014,0
09/03/2014,5
09/04/2014,28
09/05/2014,20
09/06/2014,0
09/07/2014,0
09/08/2014,0
09/09/2014,5
09/10/2014,0
09/11/2014,0
09/12/2014,0
9/13/2014,21
9/14/2014,3
9/15/2014,0
9/16/2014,0
9/17/2014,0
9/18/2014,0
9/19/2014,0
9/20/2014,0
9/21/2014,0
9/22/2014,0
9/23/2014,0
9/24/2014,0
9/25/2014,4
9/26/2014,0
9/27/2014,0
9/28/2014,0
9/29/2014,0
9/30/2014,0
10/01/2014,0
10/02/2014,0
10/03/2014,10
10/04/2014,14
10/05/2014,8
10/06/2014,0
10/07/2014,0
10/08/2014,2
10/09/2014,5
10/10/2014,0
10/11/2014,0
10/12/2014,0
10/13/2014,0
10/14/2014,0
10/15/2014,0
10/16/2014,0
10/17/2014,0
10/18/2014,14
10/19/2014,0
10/20/2014,0
10/21/2014,0
10/22/2014,0
10/23/2014,0
10/24/2014,0
10/25/2014,0
10/26/2014,0
10/27/2014,0
10/28/2014,0
10/29/2014,0
10/30/2014,0
10/31/2014,11
11/01/2014,12
11/02/2014,16
11/03/2014,0
11/04/2014,0
11/05/2014,0
11/06/2014,0
11/07/2014,0
11/08/2014,0
11/09/2014,0
11/10/2014,11
11/11/2014,3
11/12/2014,0
11/13/2014,0
11/14/2014,0
11/15/2014,0
11/16/2014,0
11/17/2014,0
11/18/2014,14
11/19/2014,8
11/20/2014,17
11/21/2014,0
11/22/2014,0
11/23/2014,0
11/24/2014,5
11/25/2014,0
11/26/2014,0
11/27/2014,0
11/28/2014,0
11/29/2014,20
11/30/2014,2
12/01/2014,0
12/02/2014,0
12/03/2014,0
12/04/2014,0
12/05/2014,0
12/06/2014,0
12/07/2014,16
12/08/2014,0
12/09/2014,26
12/10/2014,0
12/11/2014,6
12/12/2014,0
12/13/2014,0
12/14/2014,1
12/15/2014,30
12/16/2014,0
12/17/2014,0
12/18/2014,0
12/19/2014,0
12/20/2014,17
12/21/2014,0
12/22/2014,0
12/23/2014,0
12/24/2014,0
12/25/2014,0
12/26/2014,14
12/27/2014,0
12/28/2014,0
12/29/2014,14
12/30/2014,0
12/31/2014,11
01/01/2015,0
01/02/2015,0
01/03/2015,0
01/04/2015,0
01/05/2015,0
01/06/2015,42
01/07/2015,0
01/08/2015,2
01/09/2015,0
01/10/2015,19
01/11/2015,0
01/12/2015,23
1/13/2015,16
1/14/2015,0
1/15/2015,0
1/16/2015,0
1/17/2015,0
1/18/2015,0
1/19/2015,22
1/20/2015,0
1/21/2015,0
1/22/2015,0
1/23/2015,0
1/24/2015,0
1/25/2015,0
1/26/2015,0
1/27/2015,19
1/28/2015,0.8
1/29/2015,0
1/30/2015,0
1/31/2015,0
02/01/2015,0
02/02/2015,9
02/03/2015,16
02/04/2015,0
02/05/2015,0
02/06/2015,0
02/07/2015,0
02/08/2015,18
02/09/2015,8
02/10/2015,1
02/11/2015,0
02/12/2015,0
2/13/2015,0
2/14/2015,0
2/15/2015,0
2/16/2015,0
2/17/2015,0
2/18/2015,7
2/19/2015,0
2/20/2015,0
2/21/2015,0
2/22/2015,0
2/23/2015,0
2/24/2015,55
2/25/2015,57
2/26/2015,0
2/27/2015,0
2/28/2015,4
03/01/2015,28
03/02/2015,61
03/03/2015,21
03/04/2015,0
03/05/2015,0
03/06/2015,0
03/07/2015,0
03/08/2015,0
03/09/2015,0
03/10/2015,0
03/11/2015,0
03/12/2015,0
3/13/2015,0
3/14/2015,0
3/15/2015,0
3/16/2015,0
3/17/2015,0
3/18/2015,0
3/19/2015,42
3/20/2015,1
3/21/2015,0
3/22/2015,0
3/23/2015,0
3/24/2015,4
3/25/2015,3
3/26/2015,0
3/27/2015,0
3/28/2015,0
3/29/2015,0
3/30/2015,0
3/31/2015,0
04/01/2015,0
04/02/2015,0
04/03/2015,0
04/04/2015,0.7
04/05/2015,0
04/06/2015,0
04/07/2015,0
04/08/2015,0
04/09/2015,0
04/10/2015,0
04/11/2015,0
04/12/2015,0
4/13/2015,0
4/14/2015,0.9
4/15/2015,0
4/16/2015,13
4/17/2015,0
4/18/2015,0
4/19/2015,0
4/20/2015,0
4/21/2015,0
4/22/2015,0
4/23/2015,0
4/24/2015,0
4/25/2015,0
4/26/2015,0
4/27/2015,0
4/28/2015,0
4/29/2015,15
4/30/2015,0
05/01/2015,12
05/02/2015,0.3
05/03/2015,0
05/04/2015,0
05/05/2015,0
05/06/2015,0
05/07/2015,0
05/08/2015,0
05/09/2015,6
05/10/2015,0
05/11/2015,0
05/12/2015,0
5/13/2015,0
5/14/2015,0
5/15/2015,0
5/16/2015,0
5/17/2015,0
5/18/2015,0
5/19/2015,0
5/20/2015,0
5/21/2015,0
5/22/2015,0
5/23/2015,0
5/24/2015,0.4
5/25/2015,0
5/26/2015,0
5/27/2015,0
5/28/2015,0
5/29/2015,3
5/30/2015,0
5/31/2015,0
06/01/2015,0
06/02/2015,0
06/03/2015,0
06/04/2015,0
06/05/2015,0
06/06/2015,0
06/07/2015,0
06/08/2015,0
06/09/2015,0
06/10/2015,0
06/11/2015,0
06/12/2015,0
6/13/2015,0
6/14/2015,0
6/15/2015,0
6/16/2015,0
6/17/2015,0
6/18/2015,0
6/19/2015,0
6/20/2015,0
6/21/2015,0
6/22/2015,0
6/23/2015,0
6/24/2015,0
6/25/2015,0
6/26/2015,0
6/27/2015,0
6/28/2015,32
6/29/2015,45
6/30/2015,0
07/01/2015,0
07/02/2015,0
07/03/2015,0
07/04/2015,0
07/05/2015,0
07/06/2015,0
07/07/2015,0
07/08/2015,0
07/09/2015,0
07/10/2015,0
07/11/2015,0
07/12/2015,0
7/13/2015,0
7/14/2015,0
7/15/2015,0
7/16/2015,0
7/17/2015,0
7/18/2015,0
7/19/2015,0
7/20/2015,0
7/21/2015,0
7/22/2015,0
7/23/2015,0
7/24/2015,0
7/25/2015,0
7/26/2015,0
7/27/2015,0
7/28/2015,0
7/29/2015,0
7/30/2015,41
7/31/2015,0
08/01/2015,0
08/02/2015,0
08/03/2015,0
08/04/2015,0.4
08/05/2015,0
08/06/2015,1
08/07/2015,0
08/08/2015,0
08/09/2015,85
08/10/2015,0
08/11/2015,5
08/12/2015,18
8/13/2015,0.3
8/14/2015,0
8/15/2015,0
8/16/2015,0
8/17/2015,6
8/18/2015,0
8/19/2015,0
8/20/2015,0
8/21/2015,0
8/22/2015,0
8/23/2015,0
8/24/2015,0
8/25/2015,0
8/26/2015,0
8/27/2015,0
8/28/2015,0
8/29/2015,0
8/30/2015,0
8/31/2015,0
09/01/2015,0
09/02/2015,0
09/03/2015,0
09/04/2015,0
09/05/2015,0
09/06/2015,0
09/07/2015,0
09/08/2015,0
09/09/2015,2
09/10/2015,0
09/11/2015,0
09/12/2015,0
9/13/2015,0
9/14/2015,0
9/15/2015,0
9/16/2015,0
9/17/2015,0
9/18/2015,0
9/19/2015,0
9/20/2015,0
9/21/2015,0.1
9/22/2015,0
9/23/2015,1
9/24/2015,0.4
9/25/2015,0
9/26/2015,0
9/27/2015,0
9/28/2015,8
9/29/2015,0
9/30/2015,0
10/01/2015,29
10/02/2015,0
10/03/2015,0
10/04/2015,0
10/05/2015,0
10/06/2015,0
10/07/2015,0
10/08/2015,0
10/09/2015,0
10/10/2015,0
10/11/2015,0
10/12/2015,0
10/13/2015,0
10/14/2015,23
10/15/2015,0
10/16/2015,0
10/17/2015,0
10/18/2015,0
10/19/2015,0
10/20/2015,0
10/21/2015,0
10/22/2015,0
10/23/2015,0
10/24/2015,0
10/25/2015,0
10/26/2015,20
10/27/2015,0
10/28/2015,0
10/29/2015,27
10/30/2015,0
10/31/2015,0
11/01/2015,3
11/02/2015,0
11/03/2015,1
11/04/2015,8
11/05/2015,0
11/06/2015,0
11/07/2015,0
11/08/2015,0
11/09/2015,18
11/10/2015,0
11/11/2015,0
11/12/2015,0.7
11/13/2015,0
11/14/2015,0
11/15/2015,0
11/16/2015,0
11/17/2015,0
11/18/2015,31
11/19/2015,4
11/20/2015,0
11/21/2015,0
11/22/2015,0
11/23/2015,0
11/24/2015,0
11/25/2015,0
11/26/2015,69
11/27/2015,4
11/28/2015,0
11/29/2015,0
11/30/2015,0
12/01/2015,0
12/02/2015,0
12/03/2015,0
12/04/2015,0
12/05/2015,0
12/06/2015,0
12/07/2015,0
12/08/2015,20
12/09/2015,0
12/10/2015,0
12/11/2015,0
12/12/2015,40
12/13/2015,1
12/14/2015,0
12/15/2015,0
12/16/2015,38
12/17/2015,25
12/18/2015,0
12/19/2015,0
12/20/2015,0
12/21/2015,0
12/22/2015,0.7
12/23/2015,6
12/24/2015,0
12/25/2015,0
12/26/2015,0
12/27/2015,0
12/28/2015,0
12/29/2015,8
12/30/2015,0
12/31/2015,0
01/01/2016,0
01/02/2016,0
01/03/2016,18
01/04/2016,0
01/05/2016,0
01/06/2016,0
01/07/2016,0
01/08/2016,0
01/09/2016,0
01/10/2016,0
01/11/2016,0
01/12/2016,21
1/13/2016,0
1/14/2016,0
1/15/2016,0
1/16/2016,0
1/17/2016,1
1/18/2016,0
1/19/2016,0
1/20/2016,0
1/21/2016,0
1/22/2016,0
1/23/2016,0
1/24/2016,20
1/25/2016,5
1/26/2016,0
1/27/2016,0
1/28/2016,0
1/29/2016,0
1/30/2016,15
1/31/2016,0
02/01/2016,0
02/02/2016,0
02/03/2016,0
02/04/2016,0
02/05/2016,0
02/06/2016,0
02/07/2016,83
02/08/2016,2
02/09/2016,0
02/10/2016,0
02/11/2016,0
02/12/2016,0
2/13/2016,3
2/14/2016,2
2/15/2016,5
2/16/2016,32
2/17/2016,49
2/18/2016,17
2/19/2016,32
2/20/2016,0
2/21/2016,0
2/22/2016,0
2/23/2016,0
2/24/2016,0
2/25/2016,7
2/26/2016,50
2/27/2016,0
2/28/2016,0
2/29/2016,20
03/01/2016,5
03/02/2016,0
03/03/2016,0
03/04/2016,0
03/05/2016,0
03/06/2016,0
03/07/2016,0
03/08/2016,0
03/09/2016,0
03/10/2016,0
03/11/2016,0
03/12/2016,0
3/13/2016,0
3/14/2016,0
3/15/2016,0
3/16/2016,0
3/17/2016,48
3/18/2016,14
3/19/2016,23
3/20/2016,0.7
3/21/2016,0
3/22/2016,0
3/23/2016,0
3/24/2016,0
3/25/2016,0.3
3/26/2016,0
3/27/2016,0
3/28/2016,0
3/29/2016,0
3/30/2016,0
3/31/2016,0
04/01/2016,47
04/02/2016,0
04/03/2016,0
04/04/2016,61
04/05/2016,34
04/06/2016,0
04/07/2016,44
04/08/2016,3
04/09/2016,1
04/10/2016,38
04/11/2016,0.8
04/12/2016,35
4/13/2016,5
4/14/2016,0.2
4/15/2016,0
4/16/2016,3
4/17/2016,0.8
4/18/2016,50
4/19/2016,2
4/20/2016,8
4/21/2016,0
4/22/2016,0
4/23/2016,0
4/24/2016,4
4/25/2016,17
4/26/2016,0
4/27/2016,0
4/28/2016,0
4/29/2016,0
4/30/2016,0
05/01/2016,0
05/02/2016,0
05/03/2016,0
05/04/2016,0
05/05/2016,0
05/06/2016,0
05/07/2016,0
05/08/2016,0
05/09/2016,6
05/10/2016,0.8
05/11/2016,0
05/12/2016,0
5/13/2016,0
5/14/2016,0.8
5/15/2016,0
5/16/2016,0
5/17/2016,0
5/18/2016,0
5/19/2016,0
5/20/2016,0
5/21/2016,0
5/22/2016,0
5/23/2016,0
5/24/2016,0
5/25/2016,0
5/26/2016,0
5/27/2016,0.6
5/28/2016,0.9
5/29/2016,0.4
5/30/2016,0
5/31/2016,0
06/01/2016,5
06/02/2016,0
06/03/2016,0
06/04/2016,5
06/05/2016,0
06/06/2016,0
06/07/2016,0
06/08/2016,0
06/09/2016,0
06/10/2016,0
06/11/2016,0
06/12/2016,0
6/13/2016,0
6/14/2016,0
6/15/2016,0
6/16/2016,0
6/17/2016,0
6/18/2016,0
6/19/2016,0
6/20/2016,0
6/21/2016,0
6/22/2016,0
6/23/2016,0
6/24/2016,0
6/25/2016,15
6/26/2016,6
6/27/2016,0
6/28/2016,0
6/29/2016,0
6/30/2016,0
07/01/2016,5
07/02/2016,4
07/03/2016,7
07/04/2016,3
07/05/2016,0
07/06/2016,0
07/07/2016,0
07/08/2016,0
07/09/2016,0
07/10/2016,0
07/11/2016,0
07/12/2016,0
7/13/2016,0
7/14/2016,0
7/15/2016,0
7/16/2016,0
7/17/2016,0
7/18/2016,0
7/19/2016,0
7/20/2016,0
7/21/2016,0
7/22/2016,0
7/23/2016,0
7/24/2016,4
7/25/2016,2
7/26/2016,0
7/27/2016,0
7/28/2016,0
7/29/2016,0
7/30/2016,0
7/31/2016,0
08/01/2016,0
08/02/2016,0
08/03/2016,0
08/04/2016,0
08/05/2016,2
08/06/2016,0
08/07/2016,0
08/08/2016,0
08/09/2016,0
08/10/2016,0
08/11/2016,0
08/12/2016,0
8/13/2016,0
8/14/2016,0
8/15/2016,0
8/16/2016,0
8/17/2016,0
8/18/2016,0
8/19/2016,0
8/20/2016,0
8/21/2016,0
8/22/2016,0
8/23/2016,0
8/24/2016,0
8/25/2016,0
8/26/2016,0
8/27/2016,3
8/28/2016,0
8/29/2016,0
8/30/2016,0
8/31/2016,0
09/01/2016,2
09/02/2016,0
09/03/2016,0
09/04/2016,7
09/05/2016,6
09/06/2016,0
09/07/2016,0
09/08/2016,0
09/09/2016,0
09/10/2016,0
09/11/2016,2
09/12/2016,0
9/13/2016,0
9/14/2016,0
9/15/2016,0
9/16/2016,10
9/17/2016,0
9/18/2016,0
9/19/2016,0
9/20/2016,0
9/21/2016,0
9/22/2016,0
9/23/2016,6
9/24/2016,0
9/25/2016,0
9/26/2016,0
9/27/2016,0
9/28/2016,0.6
9/29/2016,0.8
9/30/2016,0
10/01/2016,0
10/02/2016,2
10/03/2016,0
10/04/2016,48
10/05/2016,6
10/06/2016,0
10/07/2016,0
10/08/2016,0
10/09/2016,0
10/10/2016,0
10/11/2016,0
10/12/2016,0
10/13/2016,0
10/14/2016,32.3
10/15/2016,11
10/16/2016,0
10/17/2016,3
10/18/2016,40
10/19/2016,0.2
10/20/2016,0
10/21/2016,0
10/22/2016,0
10/23/2016,0
10/24/2016,0
10/25/2016,18
10/26/2016,9
10/27/2016,0
10/28/2016,0
10/29/2016,0
10/30/2016,0
10/31/2016,24
11/01/2016,37
11/02/2016,0
11/03/2016,0
11/04/2016,0
11/05/2016,0
11/06/2016,0
11/07/2016,0.9
11/08/2016,0
11/09/2016,4
11/10/2016,20
11/11/2016,0
11/12/2016,0
11/13/2016,0
11/14/2016,0
11/15/2016,0
11/16/2016,10
11/17/2016,0
11/18/2016,0
11/19/2016,0
11/20/2016,0
11/21/2016,0
11/22/2016,0
11/23/2016,0
11/24/2016,0
11/25/2016,0
11/26/2016,75
11/27/2016,0
11/28/2016,0
11/29/2016,0
11/30/2016,0
12/01/2016,0
12/02/2016,3
12/03/2016,0
12/04/2016,0
12/05/2016,8
12/06/2016,1
12/07/2016,0.3
12/08/2016,0
12/09/2016,0
12/10/2016,0
12/11/2016,0
12/12/2016,10
12/13/2016,0
12/14/2016,0
12/15/2016,0
12/16/2016,0
12/17/2016,0
12/18/2016,4
12/19/2016,0
12/20/2016,0
12/21/2016,0
12/22/2016,52
12/23/2016,0
12/24/2016,4
12/25/2016,101
12/26/2016,3
12/27/2016,0
12/28/2016,32
12/29/2016,0
12/30/2016,0
12/31/2016,25
01/01/2017,17
01/02/2017,21
01/03/2017,42
01/04/2017,5
01/05/2017,0
01/06/2017,0
01/07/2017,0
01/08/2017,16
01/09/2017,5
01/10/2017,0
01/11/2017,0
01/12/2017,0
1/13/2017,0
1/14/2017,17
1/15/2017,58
1/16/2017,0
1/17/2017,0
1/18/2017,0
1/19/2017,0
1/20/2017,0
1/21/2017,0
1/22/2017,0
1/23/2017,0
1/24/2017,0
1/25/2017,0
1/26/2017,0
1/27/2017,0
1/28/2017,0
1/29/2017,0
1/30/2017,0
1/31/2017,26
02/01/2017,1
02/02/2017,0
02/03/2017,0
02/04/2017,14
02/05/2017,0
02/06/2017,0
02/07/2017,0
02/08/2017,0
02/09/2017,19
02/10/2017,7
02/11/2017,21
02/12/2017,9
2/13/2017,0.3
2/14/2017,0
2/15/2017,0
2/16/2017,0
2/17/2017,59
2/18/2017,0.4
2/19/2017,0
2/20/2017,0
2/21/2017,0
2/22/2017,0
2/23/2017,0
2/24/2017,0
2/25/2017,0
2/26/2017,0
2/27/2017,3
2/28/2017,0
03/01/2017,0
03/02/2017,21
03/03/2017,0.3
03/04/2017,0
03/05/2017,0
03/06/2017,0
03/07/2017,0
03/08/2017,1
03/09/2017,5
03/10/2017,0
03/11/2017,0
03/12/2017,0
3/13/2017,0
3/14/2017,2
3/15/2017,26
3/16/2017,0
3/17/2017,0
3/18/2017,0
3/19/2017,0
3/20/2017,0
3/21/2017,0
3/22/2017,7
3/23/2017,0
3/24/2017,0
3/25/2017,9
3/26/2017,0
3/27/2017,0
3/28/2017,0
3/29/2017,0
3/30/2017,2
3/31/2017,0
04/01/2017,0.3
04/02/2017,62
04/03/2017,0
04/04/2017,0
04/05/2017,0
04/06/2017,0
04/07/2017,0
04/08/2017,4
04/09/2017,32
04/10/2017,0
04/11/2017,0
04/12/2017,0
4/13/2017,0
4/14/2017,0
4/15/2017,0
4/16/2017,0
4/17/2017,0
4/18/2017,10.6
4/19/2017,8
4/20/2017,0
4/21/2017,0
4/22/2017,0
4/23/2017,0
4/24/2017,0
4/25/2017,21
4/26/2017,0
4/27/2017,0
4/28/2017,0
4/29/2017,0
4/30/2017,0
05/01/2017,0
05/02/2017,0
05/03/2017,0
05/04/2017,0
05/05/2017,0
05/06/2017,0
05/07/2017,45
05/08/2017,0
05/09/2017,0
05/10/2017,0
05/11/2017,17
05/12/2017,8
5/13/2017,0
5/14/2017,0
5/15/2017,0
5/16/2017,0
5/17/2017,0
5/18/2017,0
5/19/2017,0
5/20/2017,0
5/21/2017,0
5/22/2017,0
5/23/2017,0
5/24/2017,1
5/25/2017,0
5/26/2017,0
5/27/2017,0
5/28/2017,0
5/29/2017,0
5/30/2017,0.3
5/31/2017,0
06/01/2017,0
06/02/2017,0
06/03/2017,0
06/04/2017,0
06/05/2017,0
06/06/2017,0
06/07/2017,15
06/08/2017,0.3
06/09/2017,0
06/10/2017,0
06/11/2017,0
06/12/2017,0
6/13/2017,0
6/14/2017,0
6/15/2017,0
6/16/2017,0
6/17/2017,0
6/18/2017,0
6/19/2017,0
6/20/2017,0
6/21/2017,0
6/22/2017,0
6/23/2017,0
6/24/2017,0
6/25/2017,0
6/26/2017,0
6/27/2017,1
6/28/2017,0.1
6/29/2017,0
6/30/2017,0
07/01/2017,0
07/02/2017,0
07/03/2017,0
07/04/2017,0
07/05/2017,0
07/06/2017,0.7
07/07/2017,24
07/08/2017,0
07/09/2017,0.2
07/10/2017,0
07/11/2017,0.5
07/12/2017,0
7/13/2017,0
7/14/2017,0
7/15/2017,0
7/16/2017,0
7/17/2017,0
7/18/2017,0
7/19/2017,0
7/20/2017,0
7/21/2017,0
7/22/2017,0
7/23/2017,0
7/24/2017,0
7/25/2017,0
7/26/2017,0
7/27/2017,0
7/28/2017,0
7/29/2017,0
7/30/2017,0
7/31/2017,0.4
08/01/2017,9
08/02/2017,0
08/03/2017,0
08/04/2017,0
08/05/2017,0
08/06/2017,0
08/07/2017,7
08/08/2017,0
08/09/2017,0
08/10/2017,8.5
08/11/2017,1
08/12/2017,0
8/13/2017,0
8/14/2017,0
8/15/2017,0
8/16/2017,0
8/17/2017,0
8/18/2017,0
8/19/2017,0
8/20/2017,0
8/21/2017,0
8/22/2017,0
8/23/2017,2
8/24/2017,12
8/25/2017,23
8/26/2017,0.2
8/27/2017,0
8/28/2017,26
8/29/2017,5
8/30/2017,0
8/31/2017,0
09/01/2017,0
09/02/2017,0
09/03/2017,0.4
09/04/2017,0
09/05/2017,0
09/06/2017,1
09/07/2017,0
09/08/2017,0.6
09/09/2017,2
09/10/2017,31
09/11/2017,0
09/12/2017,0
9/13/2017,0
9/14/2017,0
9/15/2017,0
9/16/2017,0
9/17/2017,0
9/18/2017,0
9/19/2017,0
9/20/2017,8
9/21/2017,17
9/22/2017,0
9/23/2017,0
9/24/2017,0
9/25/2017,0
9/26/2017,21
9/27/2017,3
9/28/2017,8
9/29/2017,0
9/30/2017,22
10/01/2017,0
10/02/2017,0
10/03/2017,0
10/04/2017,0
10/05/2017,0
10/06/2017,0
10/07/2017,0
10/08/2017,0
10/09/2017,0
10/10/2017,0
10/11/2017,1
10/12/2017,2
10/13/2017,0
10/14/2017,0
10/15/2017,0
10/16/2017,10
10/17/2017,15
10/18/2017,34
10/19/2017,0
10/20/2017,0
10/21/2017,4
10/22/2017,0
10/23/2017,0
10/24/2017,0
10/25/2017,0
10/26/2017,22
10/27/2017,0
10/28/2017,0
10/29/2017,2
10/30/2017,0
10/31/2017,0
11/01/2017,18
11/02/2017,35
11/03/2017,2
11/04/2017,0
11/05/2017,0
11/06/2017,1
11/07/2017,0
11/08/2017,0
11/09/2017,0
11/10/2017,0
11/11/2017,0
11/12/2017,0
11/13/2017,0
11/14/2017,0
11/15/2017,13
11/16/2017,0
11/17/2017,0
11/18/2017,0
11/19/2017,0
11/20/2017,15
11/21/2017,0
11/22/2017,0
11/23/2017,0
11/24/2017,5
11/25/2017,0
11/26/2017,0
11/27/2017,0
11/28/2017,0
11/29/2017,0
11/30/2017,0
12/01/2017,0
12/02/2017,0.4
12/03/2017,1
12/04/2017,0
12/05/2017,0
12/06/2017,0
12/07/2017,0
12/08/2017,11
12/09/2017,0
12/10/2017,0
12/11/2017,0
12/12/2017,0
12/13/2017,2
12/14/2017,0
12/15/2017,0
12/16/2017,41
12/17/2017,0
12/18/2017,0.5
12/19/2017,14
12/20/2017,0
12/21/2017,12
12/22/2017,22
12/23/2017,0.3
12/24/2017,0
12/25/2017,0
12/26/2017,0
12/27/2017,0
12/28/2017,0
12/29/2017,0
12/30/2017,0
12/31/2017,7
01/01/2018,0
01/02/2018,0
01/03/2018,0
01/04/2018,0
01/05/2018,1
01/06/2018,0
01/07/2018,0
01/08/2018,0
01/09/2018,0
01/10/2018,0
01/11/2018,0
01/12/2018,0
1/13/2018,18
1/14/2018,2
1/15/2018,0
1/16/2018,0
1/17/2018,0
1/18/2018,0
1/19/2018,0
1/20/2018,0
1/21/2018,0
1/22/2018,12
1/23/2018,0
1/24/2018,0
1/25/2018,0
1/26/2018,0
1/27/2018,48
1/28/2018,0
1/29/2018,0
1/30/2018,0
1/31/2018,0
02/01/2018,0
02/02/2018,0
02/03/2018,0
02/04/2018,0
02/05/2018,0
02/06/2018,0
02/07/2018,0
02/08/2018,0
02/09/2018,4
02/10/2018,10
02/11/2018,0.3
02/12/2018,0
2/13/2018,0
2/14/2018,0
2/15/2018,0
2/16/2018,0
2/17/2018,0
2/18/2018,0
2/19/2018,5
2/20/2018,0
2/21/2018,0
2/22/2018,0
2/23/2018,0
2/24/2018,0
2/25/2018,0
2/26/2018,0
2/27/2018,0
2/28/2018,0
03/01/2018,0
03/02/2018,0
03/03/2018,0
03/04/2018,9
03/05/2018,0
03/06/2018,0
03/07/2018,0
03/08/2018,0
03/09/2018,0
03/10/2018,0
03/11/2018,0.2
03/12/2018,0
3/13/2018,0
3/14/2018,0
3/15/2018,0
3/16/2018,0
3/17/2018,0
3/18/2018,4
3/19/2018,0
3/20/2018,0
3/21/2018,0
3/22/2018,0
3/23/2018,0
3/24/2018,0
3/25/2018,0
3/26/2018,0
3/27/2018,0
3/28/2018,0
3/29/2018,0
3/30/2018,0
3/31/2018,0
04/01/2018,2
04/02/2018,0.3
04/03/2018,0
04/04/2018,0
04/05/2018,2
04/06/2018,9
04/07/2018,36
04/08/2018,0
04/09/2018,0
04/10/2018,0
04/11/2018,0
04/12/2018,0
4/13/2018,7
4/14/2018,0
4/15/2018,0
4/16/2018,0
4/17/2018,0
4/18/2018,0
4/19/2018,69
4/20/2018,2
4/21/2018,0
4/22/2018,37
4/23/2018,0
4/24/2018,0
4/25/2018,0
4/26/2018,0
4/27/2018,0
4/28/2018,0
4/29/2018,8
4/30/2018,17
05/01/2018,7
05/02/2018,15
05/03/2018,8
05/04/2018,7
05/05/2018,0
05/06/2018,3
05/07/2018,8
05/08/2018,6
05/09/2018,19
05/10/2018,7
05/11/2018,0
05/12/2018,0
5/13/2018,0
5/14/2018,0
5/15/2018,0
5/16/2018,0
5/17/2018,0
5/18/2018,0
5/19/2018,0
5/20/2018,0
5/21/2018,0
5/22/2018,0
5/23/2018,0
5/24/2018,0
5/25/2018,0
5/26/2018,0
5/27/2018,0
5/28/2018,0
5/29/2018,4
5/30/2018,0.8
5/31/2018,0.1
06/01/2018,0
06/02/2018,0
06/03/2018,0
06/04/2018,0
06/05/2018,0
06/06/2018,0
06/07/2018,0
06/08/2018,0
06/09/2018,0
06/10/2018,0
06/11/2018,7
06/12/2018,0
6/13/2018,0
6/14/2018,0
6/15/2018,0
6/16/2018,0
6/17/2018,0
6/18/2018,0
6/19/2018,0
6/20/2018,0
6/21/2018,0
6/22/2018,0
6/23/2018,0
6/24/2018,0
6/25/2018,0
6/26/2018,0
6/27/2018,0
6/28/2018,0
6/29/2018,0
6/30/2018,0
07/01/2018,0
07/02/2018,0
07/03/2018,0
07/04/2018,0
07/05/2018,0
07/06/2018,\N
07/07/2018,0
07/08/2018,0
07/09/2018,0
07/10/2018,0
07/11/2018,0
07/12/2018,0
7/13/2018,0
7/14/2018,0
7/15/2018,0
7/16/2018,0
7/17/2018,0
7/18/2018,18
7/19/2018,14
7/20/2018,0
7/21/2018,0
7/22/2018,0
7/23/2018,0
7/24/2018,1
7/25/2018,3
7/26/2018,6
7/27/2018,0
7/28/2018,0
7/29/2018,0
7/30/2018,0
7/31/2018,0
08/01/2018,0
08/02/2018,0
08/03/2018,0
08/04/2018,0
08/05/2018,0
08/06/2018,0
08/07/2018,10
08/08/2018,0
08/09/2018,0
08/10/2018,0
08/11/2018,0
08/12/2018,0
8/13/2018,0
8/14/2018,0
8/15/2018,0
8/16/2018,0
8/17/2018,0
8/18/2018,16
8/19/2018,0
8/20/2018,0
8/21/2018,0
8/22/2018,0
8/23/2018,0
8/24/2018,0
8/25/2018,0
8/26/2018,0
8/27/2018,0
8/28/2018,0
8/29/2018,3
8/30/2018,8
8/31/2018,0
09/01/2018,5
09/02/2018,0
09/03/2018,0
09/04/2018,0
09/05/2018,0
09/06/2018,0
09/07/2018,0
09/08/2018,0
09/09/2018,0
09/10/2018,0
09/11/2018,0
09/12/2018,2
9/13/2018,0.3
9/14/2018,0
9/15/2018,0
9/16/2018,0
9/17/2018,0
9/18/2018,7
9/19/2018,0
9/20/2018,0
9/21/2018,0
9/22/2018,0
9/23/2018,0
9/24/2018,0
9/25/2018,0
9/26/2018,3
9/27/2018,0
9/28/2018,0
9/29/2018,0
9/30/2018,1
10/01/2018,0
10/02/2018,0
10/03/2018,0
10/04/2018,0
10/05/2018,0
10/06/2018,0
10/07/2018,0
10/08/2018,13
10/09/2018,0
10/10/2018,0.5
10/11/2018,22
10/12/2018,2
10/13/2018,0
10/14/2018,0
10/15/2018,0
10/16/2018,0
10/17/2018,0
10/18/2018,0
10/19/2018,0
10/20/2018,0
10/21/2018,2
10/22/2018,8
10/23/2018,0
10/24/2018,0
10/25/2018,21
10/26/2018,0.3
10/27/2018,0
10/28/2018,0
10/29/2018,0
10/30/2018,0
10/31/2018,0
11/01/2018,0
11/02/2018,0
11/03/2018,0
11/04/2018,0
11/05/2018,6
11/06/2018,0
11/07/2018,0
11/08/2018,0
11/09/2018,0
11/10/2018,74
11/11/2018,206
11/12/2018,24
11/13/2018,3
11/14/2018,0
11/15/2018,0
11/16/2018,0
11/17/2018,0
11/18/2018,0
11/19/2018,0
11/20/2018,0
11/21/2018,0
11/22/2018,60
11/23/2018,0
11/24/2018,0
11/25/2018,0
11/26/2018,16
11/27/2018,9
11/28/2018,0
11/29/2018,0
11/30/2018,7
12/01/2018,0
12/02/2018,0
12/03/2018,0
12/04/2018,0
12/05/2018,0
12/06/2018,0
12/07/2018,0
12/08/2018,0
12/09/2018,0
12/10/2018,0
12/11/2018,43
12/12/2018,2
12/13/2018,26
12/14/2018,1
12/15/2018,0
12/16/2018,0
12/17/2018,28
12/18/2018,0
12/19/2018,0
12/20/2018,35
12/21/2018,0
12/22/2018,0
12/23/2018,0
12/24/2018,0
12/25/2018,0
12/26/2018,0
12/27/2018,12
12/28/2018,0
12/29/2018,7
12/30/2018,0.5
12/31/2018,0
01/01/2019,0
01/02/2019,50
01/03/2019,0
01/04/2019,0
01/05/2019,0
01/06/2019,9
01/07/2019,0
01/08/2019,0.2
01/09/2019,17
01/10/2019,0
01/11/2019,0
01/12/2019,2
1/13/2019,8
1/14/2019,29
1/15/2019,1
1/16/2019,2
1/17/2019,11
1/18/2019,0
1/19/2019,0
1/20/2019,0
1/21/2019,0
1/22/2019,41
1/23/2019,5
1/24/2019,0
1/25/2019,4
1/26/2019,3
1/27/2019,0
1/28/2019,0
1/29/2019,0
1/30/2019,6
1/31/2019,0
02/01/2019,0
02/02/2019,0
02/03/2019,0
02/04/2019,0
02/05/2019,0
02/06/2019,0
02/07/2019,0
02/08/2019,0
02/09/2019,0
02/10/2019,33
02/11/2019,0
02/12/2019,0
2/13/2019,0.4
2/14/2019,0.6
2/15/2019,0
2/16/2019,0
2/17/2019,0
2/18/2019,0
2/19/2019,0
2/20/2019,0
2/21/2019,0
2/22/2019,44
2/23/2019,79
2/24/2019,4
2/25/2019,0
2/26/2019,0
2/27/2019,0
2/28/2019,0
03/01/2019,0
03/02/2019,0
03/03/2019,75
03/04/2019,7
03/05/2019,0
03/06/2019,0
03/07/2019,41
03/08/2019,1
03/09/2019,0
03/10/2019,0
03/11/2019,0
03/12/2019,0
3/13/2019,0
3/14/2019,0
3/15/2019,0
3/16/2019,0.4
3/17/2019,2
3/18/2019,0
3/19/2019,0
3/20/2019,0
3/21/2019,0
3/22/2019,0
3/23/2019,0
3/24/2019,0
3/25/2019,0
3/26/2019,0
3/27/2019,0
3/28/2019,0
3/29/2019,0
3/30/2019,0
3/31/2019,0
04/01/2019,0
04/02/2019,0
04/03/2019,0
04/04/2019,0
04/05/2019,0
04/06/2019,0
04/07/2019,0
04/08/2019,0
04/09/2019,0
04/10/2019,0
04/11/2019,0
04/12/2019,0
4/13/2019,0
4/14/2019,0
4/15/2019,14
4/16/2019,0
4/17/2019,0
4/18/2019,0
4/19/2019,0.3
4/20/2019,0
4/21/2019,0
4/22/2019,8
4/23/2019,1
4/24/2019,34
4/25/2019,23
4/26/2019,0.5
4/27/2019,0
4/28/2019,0
4/29/2019,0
4/30/2019,0
05/01/2019,0
05/02/2019,0
05/03/2019,0
05/04/2019,151
05/05/2019,2
05/06/2019,0
05/07/2019,0.5
05/08/2019,0
05/09/2019,0.8
05/10/2019,0
05/11/2019,0
05/12/2019,0
5/13/2019,0
5/14/2019,0
5/15/2019,0
5/16/2019,0
5/17/2019,0
5/18/2019,0
5/19/2019,0
5/20/2019,8
5/21/2019,0.3
5/22/2019,0
5/23/2019,0
5/24/2019,0
5/25/2019,0
5/26/2019,0
5/27/2019,0
5/28/2019,0
5/29/2019,0.6
5/30/2019,0
5/31/2019,0
06/01/2019,3
06/02/2019,0
06/03/2019,0
06/04/2019,0
06/05/2019,0
06/06/2019,0
06/07/2019,0
06/08/2019,0
06/09/2019,0
06/10/2019,0
06/11/2019,0
06/12/2019,2
6/13/2019,0
6/14/2019,8
6/15/2019,19
6/16/2019,5
6/17/2019,14
6/18/2019,0
6/19/2019,0
6/20/2019,0
6/21/2019,0
6/22/2019,0
6/23/2019,0
6/24/2019,0
6/25/2019,0
6/26/2019,0
6/27/2019,0
6/28/2019,0
6/29/2019,0
6/30/2019,0
07/01/2019,0
07/02/2019,0
07/03/2019,0
07/04/2019,0
07/05/2019,0
07/06/2019,0
07/07/2019,0
07/08/2019,0
07/09/2019,0
07/10/2019,0
07/11/2019,0
07/12/2019,0
7/13/2019,0
7/14/2019,0
7/15/2019,0
7/16/2019,0
7/17/2019,0
7/18/2019,0
7/19/2019,0
7/20/2019,0
7/21/2019,0
7/22/2019,0
7/23/2019,1
7/24/2019,30
7/25/2019,45
7/26/2019,0
7/27/2019,0
7/28/2019,0.4
7/29/2019,0
7/30/2019,0
7/31/2019,0
08/01/2019,0
08/02/2019,0
08/03/2019,0
08/04/2019,0
08/05/2019,0
08/06/2019,0
08/07/2019,0
08/08/2019,6
08/09/2019,0.9
08/10/2019,0
08/11/2019,0
08/12/2019,0
8/13/2019,0
8/14/2019,0
8/15/2019,0
8/16/2019,0
8/17/2019,0
8/18/2019,0
8/19/2019,0
8/20/2019,0
8/21/2019,0
8/22/2019,0
8/23/2019,0
8/24/2019,0
8/25/2019,7
8/26/2019,0
8/27/2019,0
8/28/2019,0
8/29/2019,0.7
8/30/2019,0
8/31/2019,0
09/01/2019,0
09/02/2019,0
09/03/2019,0
09/04/2019,0
09/05/2019,0
09/06/2019,0
09/07/2019,0
09/08/2019,56
09/09/2019,5
09/10/2019,0
09/11/2019,0
09/12/2019,0
9/13/2019,0
9/14/2019,0
9/15/2019,0
9/16/2019,0
9/17/2019,0
9/18/2019,0
9/19/2019,0
9/20/2019,0
9/21/2019,0
9/22/2019,0
9/23/2019,0
9/24/2019,0
9/25/2019,0
9/26/2019,0
9/27/2019,0
9/28/2019,0
9/29/2019,0
9/30/2019,0.5
10/01/2019,0.1
10/02/2019,0
10/03/2019,1
10/04/2019,6
10/05/2019,0
10/06/2019,0
10/07/2019,5
10/08/2019,9
10/09/2019,0
10/10/2019,0
10/11/2019,0
10/12/2019,13
10/13/2019,2
10/14/2019,2
10/15/2019,3
10/16/2019,7
10/17/2019,0
10/18/2019,0
10/19/2019,2
10/20/2019,7
10/21/2019,0
10/22/2019,0
10/23/2019,0
10/24/2019,0.6
10/25/2019,0
10/26/2019,0
10/27/2019,0
10/28/2019,6
10/29/2019,15
10/30/2019,1
10/31/2019,0
11/01/2019,0
11/02/2019,11
11/03/2019,4
11/04/2019,5
11/05/2019,0
11/06/2019,0
11/07/2019,0
11/08/2019,0
11/09/2019,0
11/10/2019,0
11/11/2019,0
11/12/2019,6
11/13/2019,1
11/14/2019,0
11/15/2019,0
11/16/2019,0
11/17/2019,0
11/18/2019,4
11/19/2019,0
11/20/2019,0
11/21/2019,0
11/22/2019,0
11/23/2019,0
11/24/2019,2
11/25/2019,14
11/26/2019,0
11/27/2019,0
11/28/2019,0
11/29/2019,12
11/30/2019,0
12/01/2019,0
12/02/2019,0
12/03/2019,2
12/04/2019,2
12/05/2019,0
12/06/2019,0
12/07/2019,0
12/08/2019,0
12/09/2019,0
12/10/2019,0
12/11/2019,9
12/12/2019,0
12/13/2019,0
12/14/2019,242
12/15/2019,0
12/16/2019,0
12/17/2019,0
12/18/2019,0
12/19/2019,0
12/20/2019,21
12/21/2019,0
12/22/2019,0
12/23/2019,0
12/24/2019,0
12/25/2019,0
12/26/2019,0
12/27/2019,0
12/28/2019,0
12/29/2019,12
12/30/2019,7
12/31/2019,0
01/01/2020,0
01/02/2020,0
01/03/2020,0
01/04/2020,0
01/05/2020,0
01/06/2020,0
01/07/2020,0
01/08/2020,28
01/09/2020,30
01/10/2020,0
01/11/2020,0
01/12/2020,0
1/13/2020,0
1/14/2020,2
1/15/2020,23
1/16/2020,0
1/17/2020,0
1/18/2020,0
1/19/2020,15
1/20/2020,2
1/21/2020,1
1/22/2020,0
1/23/2020,0
1/24/2020,0
1/25/2020,0
1/26/2020,0
1/27/2020,0
1/28/2020,0
1/29/2020,\N
1/30/2020,\N
1/31/2020,\N
02/01/2020,0
02/02/2020,0
02/03/2020,0
02/04/2020,0
02/05/2020,4
02/06/2020,0
02/07/2020,0
02/08/2020,0
02/09/2020,0
02/10/2020,0
02/11/2020,0
02/12/2020,0
2/13/2020,10
2/14/2020,0
2/15/2020,0
2/16/2020,11
2/17/2020,36
2/18/2020,0
2/19/2020,0
2/20/2020,0
2/21/2020,0
2/22/2020,0
2/23/2020,0
2/24/2020,0
2/25/2020,0
2/26/2020,0
2/27/2020,0
2/28/2020,0
2/29/2020,0
03/01/2020,0
03/02/2020,0
03/03/2020,0
03/04/2020,0
03/05/2020,0
03/06/2020,0
03/07/2020,0
03/08/2020,0
03/09/2020,0
03/10/2020,0
03/11/2020,0
03/12/2020,0
3/13/2020,0
3/14/2020,10
3/15/2020,7
3/16/2020,0
3/17/2020,48
3/18/2020,0
3/19/2020,0
3/20/2020,0
3/21/2020,0
3/22/2020,0
3/23/2020,0
3/24/2020,0
3/25/2020,0
3/26/2020,17
3/27/2020,33
3/28/2020,0
3/29/2020,0
3/30/2020,0
3/31/2020,0
04/01/2020,0.3
04/02/2020,0
04/03/2020,0
04/04/2020,0
04/05/2020,0
04/06/2020,0
04/07/2020,0
04/08/2020,0
04/09/2020,0
04/10/2020,0
04/11/2020,0
04/12/2020,6
4/13/2020,3
4/14/2020,0
4/15/2020,0
4/16/2020,0
4/17/2020,0
4/18/2020,0
4/19/2020,0
4/20/2020,0
4/21/2020,0
4/22/2020,0
4/23/2020,0
4/24/2020,0
4/25/2020,27
4/26/2020,8
4/27/2020,24
4/28/2020,8
4/29/2020,0
4/30/2020,0
05/01/2020,0
05/02/2020,0
05/03/2020,0
05/04/2020,0
05/05/2020,0
05/06/2020,0
05/07/2020,0
05/08/2020,0
05/09/2020,0
05/10/2020,0
05/11/2020,0
05/12/2020,0
5/13/2020,0
5/14/2020,0
5/15/2020,0
5/16/2020,0
5/17/2020,0
5/18/2020,0
5/19/2020,0
5/20/2020,15
5/21/2020,15
5/22/2020,0
5/23/2020,0
5/24/2020,0
5/25/2020,0
5/26/2020,0
5/27/2020,0
5/28/2020,0
5/29/2020,0
5/30/2020,0
5/31/2020,0
06/01/2020,0
06/02/2020,0
06/03/2020,0
06/04/2020,0
06/05/2020,9
06/06/2020,0
06/07/2020,0
06/08/2020,0
06/09/2020,0
06/10/2020,0
06/11/2020,0
06/12/2020,0
6/13/2020,0
6/14/2020,0
6/15/2020,0
6/16/2020,0
6/17/2020,12
6/18/2020,0
6/19/2020,0
6/20/2020,0
6/21/2020,0
6/22/2020,0
6/23/2020,0
6/24/2020,0
6/25/2020,0
6/26/2020,0
6/27/2020,0
6/28/2020,0
6/29/2020,0
6/30/2020,0
07/01/2020,0
07/02/2020,0
07/03/2020,0
07/04/2020,0
07/05/2020,0
07/06/2020,0
07/07/2020,0
07/08/2020,0
07/09/2020,0
07/10/2020,0
07/11/2020,0
07/12/2020,0
7/13/2020,0
7/14/2020,0
7/15/2020,0
7/16/2020,0
7/17/2020,0
7/18/2020,0
7/19/2020,0
7/20/2020,0
7/21/2020,0
7/22/2020,0
7/23/2020,3
7/24/2020,0
7/25/2020,0
7/26/2020,0
7/27/2020,0
7/28/2020,0
7/29/2020,0
7/30/2020,0
7/31/2020,0
08/01/2020,0
08/02/2020,0
08/03/2020,0
08/04/2020,0
08/05/2020,0
08/06/2020,0
08/07/2020,0
08/08/2020,0
08/09/2020,0
08/10/2020,0
08/11/2020,0
08/12/2020,0
8/13/2020,0
8/14/2020,0
8/15/2020,0
8/16/2020,0
8/17/2020,0
8/18/2020,0
8/19/2020,0
8/20/2020,0
8/21/2020,0
8/22/2020,0
8/23/2020,0
8/24/2020,0
8/25/2020,0
8/26/2020,5
8/27/2020,0
8/28/2020,0
8/29/2020,0
8/30/2020,0
8/31/2020,0.4
09/01/2020,29
09/02/2020,0.8
09/03/2020,0
09/04/2020,0
09/05/2020,0
09/06/2020,0
09/07/2020,0
09/08/2020,0
09/09/2020,0
09/10/2020,0
09/11/2020,0
09/12/2020,0
9/13/2020,0
9/14/2020,0
9/15/2020,0.5
9/16/2020,0
9/17/2020,0
9/18/2020,0
9/19/2020,0
9/20/2020,0
9/21/2020,0
9/22/2020,0
9/23/2020,0
9/24/2020,0
9/25/2020,0.9
9/26/2020,0
9/27/2020,0
9/28/2020,0
9/29/2020,0
9/30/2020,0
10/01/2020,0
10/02/2020,0
10/03/2020,0
10/04/2020,0
10/05/2020,0
10/06/2020,0
10/07/2020,0
10/08/2020,0
10/09/2020,0
10/10/2020,0
10/11/2020,0
10/12/2020,0
10/13/2020,0
10/14/2020,0
10/15/2020,0
10/16/2020,0
10/17/2020,0
10/18/2020,0
10/19/2020,22
10/20/2020,5
10/21/2020,0
10/22/2020,0
10/23/2020,1
10/24/2020,15
10/25/2020,26
10/26/2020,0
10/27/2020,0
10/28/2020,0
10/29/2020,0
10/30/2020,0
10/31/2020,0
11/01/2020,0
11/02/2020,0
11/03/2020,0
11/04/2020,0
11/05/2020,0
11/06/2020,0
11/07/2020,0
11/08/2020,1
11/09/2020,0
11/10/2020,0
11/11/2020,0
11/12/2020,0
11/13/2020,15
11/14/2020,7
11/15/2020,0
11/16/2020,0
11/17/2020,0
11/18/2020,0
11/19/2020,0
11/20/2020,0
11/21/2020,0
11/22/2020,0
11/23/2020,0
11/24/2020,6
11/25/2020,0
11/26/2020,0
11/27/2020,0
11/28/2020,87
11/29/2020,3
11/30/2020,0
12/01/2020,0.8
12/02/2020,29
12/03/2020,0
12/04/2020,0
12/05/2020,0
12/06/2020,0
12/07/2020,0
12/08/2020,0
12/09/2020,0
12/10/2020,0
12/11/2020,0.5
12/12/2020,27
12/13/2020,2
12/14/2020,0
12/15/2020,0
12/16/2020,0
12/17/2020,0
12/18/2020,16
12/19/2020,0
12/20/2020,0
12/21/2020,0
12/22/2020,0
12/23/2020,0
12/24/2020,0
12/25/2020,0
12/26/2020,0
12/27/2020,0
12/28/2020,0
12/29/2020,0
12/30/2020,4
12/31/2020,0
